TableName,DataAreaID,OldValue,NewValue
AssetBook,rfl,GEN,
AssetBook,rfl,USGAAP,
AssetBook,wbx,GEN,IFRS
AssetBook,wbx,USGAAP,USGAAP
AssetCondition,wbx,Capacity,
AssetCondition,wbx,Cars,
AssetCondition,wbx,DataTakeon,
AssetCondition,wbx,Environment,
AssetCondition,wbx,Growth,
AssetCondition,wbx,Improve,
AssetCondition,wbx,IT,
AssetCondition,wbx,Other,
AssetCondition,wbx,Replace,Replace
AssetCondition,wbx,Safety,
AssetCondition,wbx,Vehicles,
AssetGroup,wbx,BUILDING,BUILDINGS
AssetGroup,wbx,CARS,
AssetGroup,wbx,CLOUDSOFTW,
AssetGroup,wbx,FIXTURES,FIXTURES
AssetGroup,wbx,HARDWARE,HARDWARE
AssetGroup,wbx,LAND,LAND
AssetGroup,wbx,LEASEHOLD,
AssetGroup,wbx,PLANT,PLANT
AssetGroup,wbx,SOFTWARE,SOFTWARE
AssetGroup,wbx,TRADEMARK,
AssetGroup,wbx,VEHICLES,VEHICLES
AssetLocation,wbx,1,
AssetLocation,wbx,10,
AssetLocation,wbx,100,
AssetLocation,wbx,11,
AssetLocation,wbx,12,
AssetLocation,wbx,13,
AssetLocation,wbx,14,
AssetLocation,wbx,15,
AssetLocation,wbx,16,
AssetLocation,wbx,17,
AssetLocation,wbx,18,
AssetLocation,wbx,19,
AssetLocation,wbx,2,
AssetLocation,wbx,20,
AssetLocation,wbx,21,
AssetLocation,wbx,22,
AssetLocation,wbx,23,
AssetLocation,wbx,24,
AssetLocation,wbx,25,
AssetLocation,wbx,26,
AssetLocation,wbx,27,
AssetLocation,wbx,28,
AssetLocation,wbx,29,
AssetLocation,wbx,3,
AssetLocation,wbx,30,
AssetLocation,wbx,31,
AssetLocation,wbx,32,
AssetLocation,wbx,33,
AssetLocation,wbx,34,
AssetLocation,wbx,35,
AssetLocation,wbx,36,
AssetLocation,wbx,37,
AssetLocation,wbx,38,
AssetLocation,wbx,39,
AssetLocation,wbx,4,
AssetLocation,wbx,40,
AssetLocation,wbx,41,
AssetLocation,wbx,42,
AssetLocation,wbx,43,
AssetLocation,wbx,45,
AssetLocation,wbx,46,
AssetLocation,wbx,47,
AssetLocation,wbx,48,
AssetLocation,wbx,49,
AssetLocation,wbx,5,
AssetLocation,wbx,50,
AssetLocation,wbx,51,
AssetLocation,wbx,52,
AssetLocation,wbx,53,
AssetLocation,wbx,54,
AssetLocation,wbx,55,
AssetLocation,wbx,56,
AssetLocation,wbx,6,
AssetLocation,wbx,60,
AssetLocation,wbx,61,
AssetLocation,wbx,62,
AssetLocation,wbx,63,
AssetLocation,wbx,64,
AssetLocation,wbx,65,
AssetLocation,wbx,66,
AssetLocation,wbx,67,
AssetLocation,wbx,7,
AssetLocation,wbx,70,
AssetLocation,wbx,71,
AssetLocation,wbx,72,
AssetLocation,wbx,73,
AssetLocation,wbx,75,
AssetLocation,wbx,76,
AssetLocation,wbx,77,
AssetLocation,wbx,78,
AssetLocation,wbx,79,
AssetLocation,wbx,8,
AssetLocation,wbx,80,
AssetLocation,wbx,82,
AssetLocation,wbx,83,
AssetLocation,wbx,84,
AssetLocation,wbx,85,
AssetLocation,wbx,86,
AssetLocation,wbx,87,
AssetLocation,wbx,88,
AssetLocation,wbx,89,
AssetLocation,wbx,9,
AssetLocation,wbx,90,
AssetLocation,wbx,91,
AssetLocation,wbx,92,
AssetLocation,wbx,93,
AssetLocation,wbx,94,
AssetLocation,wbx,95,
AssetLocation,wbx,96,
AssetLocation,wbx,97,
AssetLocation,wbx,98,
AssetLocation,wbx,99,
BatchGroup,ibe,Manuel,Manual
BatchGroup,rfl,Batch1,ManualB
BatchGroup,rfl,RBO Batch,BO Batch
BatchGroup,wbx,Batch1,ManualB
BatchGroup,wbx,BO Batch,BO Batch
BatchGroup,wbx,BulkBatch,BO Batch
BatchGroup,wbx,UncleanedW,WheatBatch
BOMCostGroup,rfl,CENENGI,CENENGI
BOMCostGroup,rfl,CO,CO
BOMCostGroup,rfl,FG,FG
BOMCostGroup,rfl,LAB,LAB
BOMCostGroup,rfl,NOBOMCOPA,NOBOMCOPA
BOMCostGroup,rfl,NOBOMMANU,NOBOMMANU
BOMCostGroup,rfl,OHEADS,OHEADS
BOMCostGroup,rfl,PACK,PACK
BOMCostGroup,rfl,PLANTENGI,PLANTENGI
BOMCostGroup,rfl,PLANTPROD,PLANTPROD
BOMCostGroup,rfl,RM,RM
BOMCostGroup,rfl,TRAN,TRAN
BOMCostGroup,rfl,UTILITIES,UTILITIES
BOMCostGroup,wbx,CENENGI,CENENGI
BOMCostGroup,wbx,CO,CO
BOMCostGroup,wbx,FG,FG
BOMCostGroup,wbx,LAB,LAB
BOMCostGroup,wbx,NOBOMCOPA,NOBOMCOPA
BOMCostGroup,wbx,NOBOMMANU,NOBOMMANU
BOMCostGroup,wbx,OHEADS,OHEADS
BOMCostGroup,wbx,PACK,PACK
BOMCostGroup,wbx,PLANTENGI,PLANTENGI
BOMCostGroup,wbx,PLANTPROD,PLANTPROD
BOMCostGroup,wbx,RM,RM
BOMCostGroup,wbx,TRAN,TRAN
BOMCostGroup,wbx,UTILITIES,UTILITIES
CommissionCustomerGroup,wbx,Carribean,
CommissionCustomerGroup,wbx,Far East,
ContractIndicator,wbx,0,0
ContractIndicator,wbx,1,1
ContractIndicator,wbx,2,2
ContractIndicator,wbx,3,3
ContractIndicator,wbx,4,4
ContractIndicator,wbx,5,5
ContractIndicator,wbx,6,5
CostCategory,rfl,ALPEN,ALPEN
CostCategory,rfl,AP1,AP1
CostCategory,rfl,AP2,AP2
CostCategory,rfl,AP4,AP4
CostCategory,rfl,AP6,AP6
CostCategory,rfl,AP7,AP7
CostCategory,rfl,ASH,ASH
CostCategory,rfl,CB_EXT,CB_EXT
CostCategory,rfl,CB_FL,CB_FL
CostCategory,rfl,CB_RB,CB_RB
CostCategory,rfl,Production,PROD
CostCategory,rfl,WCP,WCP
CostCategory,rfl,ZERO,ZERO
CostCategory,wbx,ALPEN,ALPEN
CostCategory,wbx,AP1,AP1
CostCategory,wbx,AP2,AP2
CostCategory,wbx,AP4,AP4
CostCategory,wbx,AP6,AP6
CostCategory,wbx,AP7,AP7
CostCategory,wbx,ASH,ASH
CostCategory,wbx,CB_EXT,CB_EXT
CostCategory,wbx,CB_FL,CB_FL
CostCategory,wbx,CB_RB,CB_RB
CostCategory,wbx,Production,PROD
CostCategory,wbx,WCP,WCP
CostCategory,wbx,ZERO,ZERO
CustPaymModeTable,ibe,CHEQUE,CHEQUE
CustPaymModeTable,ibe,DD,DD
CustPaymModeTable,ibe,TRANSF,TRANSF
CustPaymModeTable,rfl,BACS,BACS
CustPaymModeTable,rfl,CHQ,CHQ
CustPaymModeTable,rfl,DD,DD
CustPaymModeTable,wbx,BACS,BACS
CustPaymModeTable,wbx,CASH,CASH
CustPaymModeTable,wbx,CHQ,CHQ
CustPaymModeTable,wbx,DD,DD
CustPaymModeTable,wbx,TRF,TRF
DefaultDimension_CostCenter,ibe,100,0
DefaultDimension_CostCenter,ibe,1000,1000
DefaultDimension_CostCenter,ibe,1100,1100
DefaultDimension_CostCenter,ibe,1120,1120
DefaultDimension_CostCenter,ibe,1150,1150
DefaultDimension_CostCenter,ibe,1180,1180
DefaultDimension_CostCenter,ibe,1200,1200
DefaultDimension_CostCenter,ibe,1210,1210
DefaultDimension_CostCenter,ibe,1220,1220
DefaultDimension_CostCenter,ibe,1240,1240
DefaultDimension_CostCenter,ibe,1250,1250
DefaultDimension_CostCenter,ibe,1300,1300
DefaultDimension_CostCenter,ibe,1320,1320
DefaultDimension_CostCenter,ibe,1330,1330
DefaultDimension_CostCenter,ibe,1340,1340
DefaultDimension_CostCenter,ibe,1350,1350
DefaultDimension_CostCenter,ibe,1360,1360
DefaultDimension_CostCenter,ibe,1370,1370
DefaultDimension_CostCenter,ibe,1380,0
DefaultDimension_CostCenter,ibe,1390,1390
DefaultDimension_CostCenter,ibe,1400,1400
DefaultDimension_CostCenter,ibe,1410,0
DefaultDimension_CostCenter,ibe,1420,0
DefaultDimension_CostCenter,ibe,1430,0
DefaultDimension_CostCenter,ibe,1500,1500
DefaultDimension_CostCenter,ibe,1550,0
DefaultDimension_CostCenter,ibe,1600,1600
DefaultDimension_CostCenter,ibe,1700,1700
DefaultDimension_CostCenter,ibe,1800,1800
DefaultDimension_CostCenter,ibe,1900,1900
DefaultDimension_CostCenter,ibe,2100,2100
DefaultDimension_CostCenter,ibe,2200,2200
DefaultDimension_CostCenter,ibe,2300,0
DefaultDimension_CostCenter,ibe,2350,0
DefaultDimension_CostCenter,ibe,2400,2400
DefaultDimension_CostCenter,ibe,2410,2410
DefaultDimension_CostCenter,ibe,2450,0
DefaultDimension_CostCenter,ibe,2500,2500
DefaultDimension_CostCenter,ibe,3100,3100
DefaultDimension_CostCenter,ibe,3230,3230
DefaultDimension_CostCenter,ibe,3500,3500
DefaultDimension_CostCenter,ibe,3505,3505
DefaultDimension_CostCenter,ibe,3510,3510
DefaultDimension_CostCenter,ibe,3515,3515
DefaultDimension_CostCenter,ibe,3520,3520
DefaultDimension_CostCenter,ibe,3525,3525
DefaultDimension_CostCenter,ibe,3700,3700
DefaultDimension_CostCenter,ibe,3705,0
DefaultDimension_CostCenter,ibe,3710,3710
DefaultDimension_CostCenter,ibe,3715,0
DefaultDimension_CostCenter,ibe,3720,0
DefaultDimension_CostCenter,ibe,3725,0
DefaultDimension_CostCenter,ibe,4100,4100
DefaultDimension_CostCenter,ibe,4700,4700
DefaultDimension_CostCenter,ibe,4800,4800
DefaultDimension_CostCenter,ibe,4900,4900
DefaultDimension_CostCenter,ibe,5100,5100
DefaultDimension_CostCenter,ibe,5150,5150
DefaultDimension_CostCenter,ibe,5175,5175
DefaultDimension_CostCenter,ibe,5325,0
DefaultDimension_CostCenter,ibe,5350,0
DefaultDimension_CostCenter,ibe,5375,5375
DefaultDimension_CostCenter,ibe,5400,5400
DefaultDimension_CostCenter,ibe,5425,5425
DefaultDimension_CostCenter,ibe,5500,5500
DefaultDimension_CostCenter,ibe,5600,5600
DefaultDimension_CostCenter,ibe,6500,6500
DefaultDimension_CostCenter,ibe,6510,6510
DefaultDimension_CostCenter,ibe,6520,6520
DefaultDimension_CostCenter,ibe,6530,6530
DefaultDimension_CostCenter,ibe,6540,6540
DefaultDimension_CostCenter,ibe,6600,6600
DefaultDimension_CostCenter,ibe,6700,6700
DefaultDimension_CostCenter,ibe,7000,7000
DefaultDimension_CostCenter,ibe,8000,9000
DefaultDimension_CostCenter,ibe,8100,9000
DefaultDimension_CostCenter,ibe,8200,9000
DefaultDimension_CostCenter,ibe,8300,9000
DefaultDimension_CostCenter,ibe,9100,9000
DefaultDimension_CostCenter,ibe,9110,7500
DefaultDimension_CostCenter,ibe,9200,9000
DefaultDimension_CostCenter,ibe,9300,9000
DefaultDimension_CostCenter,ibe,9400,9000
DefaultDimension_CostCenter,ibe,9500,9000
DefaultDimension_CostCenter,ibe,9600,9000
DefaultDimension_CostCenter,ibe,9620,9000
DefaultDimension_CostCenter,ibe,9999,0
DefaultDimension_CostCenter,rfl,100,0
DefaultDimension_CostCenter,rfl,1000,1000
DefaultDimension_CostCenter,rfl,1100,1100
DefaultDimension_CostCenter,rfl,1120,1120
DefaultDimension_CostCenter,rfl,1150,1150
DefaultDimension_CostCenter,rfl,1180,1180
DefaultDimension_CostCenter,rfl,1200,1200
DefaultDimension_CostCenter,rfl,1210,1210
DefaultDimension_CostCenter,rfl,1220,1220
DefaultDimension_CostCenter,rfl,1240,1240
DefaultDimension_CostCenter,rfl,1250,1250
DefaultDimension_CostCenter,rfl,1300,1300
DefaultDimension_CostCenter,rfl,1320,1320
DefaultDimension_CostCenter,rfl,1330,1330
DefaultDimension_CostCenter,rfl,1340,1340
DefaultDimension_CostCenter,rfl,1350,1350
DefaultDimension_CostCenter,rfl,1360,1360
DefaultDimension_CostCenter,rfl,1370,1370
DefaultDimension_CostCenter,rfl,1380,0
DefaultDimension_CostCenter,rfl,1390,1390
DefaultDimension_CostCenter,rfl,1400,1400
DefaultDimension_CostCenter,rfl,1410,0
DefaultDimension_CostCenter,rfl,1420,0
DefaultDimension_CostCenter,rfl,1430,0
DefaultDimension_CostCenter,rfl,1500,1500
DefaultDimension_CostCenter,rfl,1550,0
DefaultDimension_CostCenter,rfl,1600,1600
DefaultDimension_CostCenter,rfl,1700,1700
DefaultDimension_CostCenter,rfl,1800,1800
DefaultDimension_CostCenter,rfl,1900,1900
DefaultDimension_CostCenter,rfl,2100,2100
DefaultDimension_CostCenter,rfl,2200,2200
DefaultDimension_CostCenter,rfl,2300,0
DefaultDimension_CostCenter,rfl,2350,0
DefaultDimension_CostCenter,rfl,2400,2400
DefaultDimension_CostCenter,rfl,2410,2410
DefaultDimension_CostCenter,rfl,2450,0
DefaultDimension_CostCenter,rfl,2500,2500
DefaultDimension_CostCenter,rfl,3100,3100
DefaultDimension_CostCenter,rfl,3230,3230
DefaultDimension_CostCenter,rfl,3500,3500
DefaultDimension_CostCenter,rfl,3505,3505
DefaultDimension_CostCenter,rfl,3510,3510
DefaultDimension_CostCenter,rfl,3515,3515
DefaultDimension_CostCenter,rfl,3520,3520
DefaultDimension_CostCenter,rfl,3525,3525
DefaultDimension_CostCenter,rfl,3700,3700
DefaultDimension_CostCenter,rfl,3705,0
DefaultDimension_CostCenter,rfl,3710,3710
DefaultDimension_CostCenter,rfl,3715,0
DefaultDimension_CostCenter,rfl,3720,0
DefaultDimension_CostCenter,rfl,3725,0
DefaultDimension_CostCenter,rfl,4100,4100
DefaultDimension_CostCenter,rfl,4700,4700
DefaultDimension_CostCenter,rfl,4800,4800
DefaultDimension_CostCenter,rfl,4900,4900
DefaultDimension_CostCenter,rfl,5100,5100
DefaultDimension_CostCenter,rfl,5150,5150
DefaultDimension_CostCenter,rfl,5175,5175
DefaultDimension_CostCenter,rfl,5325,0
DefaultDimension_CostCenter,rfl,5350,0
DefaultDimension_CostCenter,rfl,5375,5375
DefaultDimension_CostCenter,rfl,5400,5400
DefaultDimension_CostCenter,rfl,5425,5425
DefaultDimension_CostCenter,rfl,5500,5500
DefaultDimension_CostCenter,rfl,5600,5600
DefaultDimension_CostCenter,rfl,6500,6500
DefaultDimension_CostCenter,rfl,6510,6510
DefaultDimension_CostCenter,rfl,6520,6520
DefaultDimension_CostCenter,rfl,6530,6530
DefaultDimension_CostCenter,rfl,6540,6540
DefaultDimension_CostCenter,rfl,6600,6600
DefaultDimension_CostCenter,rfl,6700,6700
DefaultDimension_CostCenter,rfl,7000,7000
DefaultDimension_CostCenter,rfl,8000,9000
DefaultDimension_CostCenter,rfl,8100,9000
DefaultDimension_CostCenter,rfl,8200,9000
DefaultDimension_CostCenter,rfl,8300,9000
DefaultDimension_CostCenter,rfl,9100,9000
DefaultDimension_CostCenter,rfl,9110,7500
DefaultDimension_CostCenter,rfl,9200,9000
DefaultDimension_CostCenter,rfl,9300,9000
DefaultDimension_CostCenter,rfl,9400,9000
DefaultDimension_CostCenter,rfl,9500,9000
DefaultDimension_CostCenter,rfl,9600,9000
DefaultDimension_CostCenter,rfl,9620,9000
DefaultDimension_CostCenter,rfl,9999,0
DefaultDimension_CostCenter,wbx,100,0
DefaultDimension_CostCenter,wbx,1000,1000
DefaultDimension_CostCenter,wbx,1100,1100
DefaultDimension_CostCenter,wbx,1120,1120
DefaultDimension_CostCenter,wbx,1150,1150
DefaultDimension_CostCenter,wbx,1180,1180
DefaultDimension_CostCenter,wbx,1200,1200
DefaultDimension_CostCenter,wbx,1210,1210
DefaultDimension_CostCenter,wbx,1220,1220
DefaultDimension_CostCenter,wbx,1240,1240
DefaultDimension_CostCenter,wbx,1250,1250
DefaultDimension_CostCenter,wbx,1300,1300
DefaultDimension_CostCenter,wbx,1320,1320
DefaultDimension_CostCenter,wbx,1330,1330
DefaultDimension_CostCenter,wbx,1340,1340
DefaultDimension_CostCenter,wbx,1350,1350
DefaultDimension_CostCenter,wbx,1360,1360
DefaultDimension_CostCenter,wbx,1370,1370
DefaultDimension_CostCenter,wbx,1380,0
DefaultDimension_CostCenter,wbx,1390,1390
DefaultDimension_CostCenter,wbx,1400,1400
DefaultDimension_CostCenter,wbx,1410,0
DefaultDimension_CostCenter,wbx,1420,0
DefaultDimension_CostCenter,wbx,1430,0
DefaultDimension_CostCenter,wbx,1500,1500
DefaultDimension_CostCenter,wbx,1550,0
DefaultDimension_CostCenter,wbx,1600,1600
DefaultDimension_CostCenter,wbx,1700,1700
DefaultDimension_CostCenter,wbx,1800,1800
DefaultDimension_CostCenter,wbx,1900,1900
DefaultDimension_CostCenter,wbx,2100,2100
DefaultDimension_CostCenter,wbx,2200,2200
DefaultDimension_CostCenter,wbx,2300,0
DefaultDimension_CostCenter,wbx,2350,0
DefaultDimension_CostCenter,wbx,2400,2400
DefaultDimension_CostCenter,wbx,2410,2410
DefaultDimension_CostCenter,wbx,2450,0
DefaultDimension_CostCenter,wbx,2500,2500
DefaultDimension_CostCenter,wbx,3100,3100
DefaultDimension_CostCenter,wbx,3230,3230
DefaultDimension_CostCenter,wbx,3500,3500
DefaultDimension_CostCenter,wbx,3505,3505
DefaultDimension_CostCenter,wbx,3510,3510
DefaultDimension_CostCenter,wbx,3515,3515
DefaultDimension_CostCenter,wbx,3520,3520
DefaultDimension_CostCenter,wbx,3525,3525
DefaultDimension_CostCenter,wbx,3700,3700
DefaultDimension_CostCenter,wbx,3705,0
DefaultDimension_CostCenter,wbx,3710,3710
DefaultDimension_CostCenter,wbx,3715,0
DefaultDimension_CostCenter,wbx,3720,0
DefaultDimension_CostCenter,wbx,3725,0
DefaultDimension_CostCenter,wbx,4100,4100
DefaultDimension_CostCenter,wbx,4700,4700
DefaultDimension_CostCenter,wbx,4800,4800
DefaultDimension_CostCenter,wbx,4900,4900
DefaultDimension_CostCenter,wbx,5100,5100
DefaultDimension_CostCenter,wbx,5150,5150
DefaultDimension_CostCenter,wbx,5175,5175
DefaultDimension_CostCenter,wbx,5325,0
DefaultDimension_CostCenter,wbx,5350,0
DefaultDimension_CostCenter,wbx,5375,5375
DefaultDimension_CostCenter,wbx,5400,5400
DefaultDimension_CostCenter,wbx,5425,5425
DefaultDimension_CostCenter,wbx,5500,5500
DefaultDimension_CostCenter,wbx,5600,5600
DefaultDimension_CostCenter,wbx,6500,6500
DefaultDimension_CostCenter,wbx,6510,6510
DefaultDimension_CostCenter,wbx,6520,6520
DefaultDimension_CostCenter,wbx,6530,6530
DefaultDimension_CostCenter,wbx,6540,6540
DefaultDimension_CostCenter,wbx,6600,6600
DefaultDimension_CostCenter,wbx,6700,6700
DefaultDimension_CostCenter,wbx,7000,7000
DefaultDimension_CostCenter,wbx,8000,9000
DefaultDimension_CostCenter,wbx,8100,9000
DefaultDimension_CostCenter,wbx,8200,9000
DefaultDimension_CostCenter,wbx,8300,9000
DefaultDimension_CostCenter,wbx,9100,9000
DefaultDimension_CostCenter,wbx,9110,7500
DefaultDimension_CostCenter,wbx,9200,9000
DefaultDimension_CostCenter,wbx,9300,9000
DefaultDimension_CostCenter,wbx,9400,9000
DefaultDimension_CostCenter,wbx,9500,9000
DefaultDimension_CostCenter,wbx,9600,9000
DefaultDimension_CostCenter,wbx,9620,9000
DefaultDimension_CostCenter,wbx,9999,0
DefaultDimension_Product,ibe,ACL,ACL
DefaultDimension_Product,ibe,AGR,YYB
DefaultDimension_Product,ibe,ALB,ALB
DefaultDimension_Product,ibe,ALP,ALP
DefaultDimension_Product,ibe,APB,APB
DefaultDimension_Product,ibe,APM,APM
DefaultDimension_Product,ibe,APO,YYB
DefaultDimension_Product,ibe,BIC,BIC
DefaultDimension_Product,ibe,BIS,BIS
DefaultDimension_Product,ibe,BPL,BPL
DefaultDimension_Product,ibe,DAN,
DefaultDimension_Product,ibe,DIS,DIS
DefaultDimension_Product,ibe,DYB,YYB
DefaultDimension_Product,ibe,DYE,YYB
DefaultDimension_Product,ibe,EXT,EXT
DefaultDimension_Product,ibe,FLK,FLK
DefaultDimension_Product,ibe,HOC,HOC
DefaultDimension_Product,ibe,LTB,LTB
DefaultDimension_Product,ibe,MIN,MIN
DefaultDimension_Product,ibe,MMM,MMM
DefaultDimension_Product,ibe,MNP,YYB
DefaultDimension_Product,ibe,MUE,
DefaultDimension_Product,ibe,MWT,MWT
DefaultDimension_Product,ibe,NAS,NAS
DefaultDimension_Product,ibe,NBR,YYB
DefaultDimension_Product,ibe,OBL,OBL
DefaultDimension_Product,ibe,OBX,
DefaultDimension_Product,ibe,OFL,OFL
DefaultDimension_Product,ibe,OGB,OGB
DefaultDimension_Product,ibe,ORB,ORB
DefaultDimension_Product,ibe,ORE,ORE
DefaultDimension_Product,ibe,ORP,
DefaultDimension_Product,ibe,OXF,YYB
DefaultDimension_Product,ibe,PBR,PBR
DefaultDimension_Product,ibe,PPL,YYB
DefaultDimension_Product,ibe,PPP,YYB
DefaultDimension_Product,ibe,PPS,YYB
DefaultDimension_Product,ibe,PWN,YYB
DefaultDimension_Product,ibe,PWR,YYB
DefaultDimension_Product,ibe,PWW,YYB
DefaultDimension_Product,ibe,RBK,RBK
DefaultDimension_Product,ibe,ROK,YYB
DefaultDimension_Product,ibe,ROO,ROO
DefaultDimension_Product,ibe,RPR,RPR
DefaultDimension_Product,ibe,WAD,WAD
DefaultDimension_Product,ibe,WAF,WAF
DefaultDimension_Product,ibe,WBA,WBA
DefaultDimension_Product,ibe,WBS,YYB
DefaultDimension_Product,ibe,WBX,WBX
DefaultDimension_Product,ibe,WCH,WCH
DefaultDimension_Product,ibe,WCM,WCM
DefaultDimension_Product,ibe,WCP,WCP
DefaultDimension_Product,ibe,WCT,
DefaultDimension_Product,ibe,WEE,WEE
DefaultDimension_Product,ibe,WGS,WGS
DefaultDimension_Product,ibe,WKB,YYB
DefaultDimension_Product,ibe,WPB,WPB
DefaultDimension_Product,ibe,WPC,YYB
DefaultDimension_Product,ibe,WPR,WPR
DefaultDimension_Product,ibe,WSP,
DefaultDimension_Product,ibe,WST,YYB
DefaultDimension_Product,ibe,WTB,YYB
DefaultDimension_Product,ibe,WWA,YYB
DefaultDimension_Product,ibe,XXX,YYB
DefaultDimension_Product,ibe,YYB,YYB
DefaultDimension_Product,ibe,YYP,YYB
DefaultDimension_Product,rfl,ACL,ACL
DefaultDimension_Product,rfl,AGR,YYB
DefaultDimension_Product,rfl,ALB,ALB
DefaultDimension_Product,rfl,ALP,ALP
DefaultDimension_Product,rfl,APB,APB
DefaultDimension_Product,rfl,APM,APM
DefaultDimension_Product,rfl,APO,YYB
DefaultDimension_Product,rfl,BIC,BIC
DefaultDimension_Product,rfl,BIS,BIS
DefaultDimension_Product,rfl,BPL,BPL
DefaultDimension_Product,rfl,DAN,
DefaultDimension_Product,rfl,DIS,DIS
DefaultDimension_Product,rfl,DYB,YYB
DefaultDimension_Product,rfl,DYE,YYB
DefaultDimension_Product,rfl,EXT,EXT
DefaultDimension_Product,rfl,FLK,FLK
DefaultDimension_Product,rfl,HOC,HOC
DefaultDimension_Product,rfl,LTB,LTB
DefaultDimension_Product,rfl,MIN,MIN
DefaultDimension_Product,rfl,MMM,MMM
DefaultDimension_Product,rfl,MNP,YYB
DefaultDimension_Product,rfl,MUE,
DefaultDimension_Product,rfl,MWT,MWT
DefaultDimension_Product,rfl,NAS,NAS
DefaultDimension_Product,rfl,NBR,YYB
DefaultDimension_Product,rfl,OBL,OBL
DefaultDimension_Product,rfl,OBX,
DefaultDimension_Product,rfl,OFL,OFL
DefaultDimension_Product,rfl,OGB,OGB
DefaultDimension_Product,rfl,ORB,ORB
DefaultDimension_Product,rfl,ORE,ORE
DefaultDimension_Product,rfl,ORP,
DefaultDimension_Product,rfl,OXF,YYB
DefaultDimension_Product,rfl,PBR,PBR
DefaultDimension_Product,rfl,PPL,YYB
DefaultDimension_Product,rfl,PPP,YYB
DefaultDimension_Product,rfl,PPS,YYB
DefaultDimension_Product,rfl,PWN,YYB
DefaultDimension_Product,rfl,PWR,YYB
DefaultDimension_Product,rfl,PWW,YYB
DefaultDimension_Product,rfl,RBK,RBK
DefaultDimension_Product,rfl,ROK,YYB
DefaultDimension_Product,rfl,ROO,ROO
DefaultDimension_Product,rfl,RPR,RPR
DefaultDimension_Product,rfl,WAD,WAD
DefaultDimension_Product,rfl,WAF,WAF
DefaultDimension_Product,rfl,WBA,WBA
DefaultDimension_Product,rfl,WBS,YYB
DefaultDimension_Product,rfl,WBX,WBX
DefaultDimension_Product,rfl,WCH,WCH
DefaultDimension_Product,rfl,WCM,WCM
DefaultDimension_Product,rfl,WCP,WCP
DefaultDimension_Product,rfl,WCT,
DefaultDimension_Product,rfl,WEE,WEE
DefaultDimension_Product,rfl,WGS,WGS
DefaultDimension_Product,rfl,WKB,YYB
DefaultDimension_Product,rfl,WPB,WPB
DefaultDimension_Product,rfl,WPC,YYB
DefaultDimension_Product,rfl,WPR,WPR
DefaultDimension_Product,rfl,WSP,
DefaultDimension_Product,rfl,WST,YYB
DefaultDimension_Product,rfl,WTB,YYB
DefaultDimension_Product,rfl,WWA,YYB
DefaultDimension_Product,rfl,XXX,YYB
DefaultDimension_Product,rfl,YYB,YYB
DefaultDimension_Product,rfl,YYP,YYB
DefaultDimension_Product,wbx,ACL,ACL
DefaultDimension_Product,wbx,AGR,YYB
DefaultDimension_Product,wbx,ALB,ALB
DefaultDimension_Product,wbx,ALP,ALP
DefaultDimension_Product,wbx,APB,APB
DefaultDimension_Product,wbx,APM,APM
DefaultDimension_Product,wbx,APO,YYB
DefaultDimension_Product,wbx,BIC,BIC
DefaultDimension_Product,wbx,BIS,BIS
DefaultDimension_Product,wbx,BPL,BPL
DefaultDimension_Product,wbx,DAN,
DefaultDimension_Product,wbx,DIS,DIS
DefaultDimension_Product,wbx,DYB,YYB
DefaultDimension_Product,wbx,DYE,YYB
DefaultDimension_Product,wbx,EXT,EXT
DefaultDimension_Product,wbx,FLK,FLK
DefaultDimension_Product,wbx,HOC,HOC
DefaultDimension_Product,wbx,LTB,LTB
DefaultDimension_Product,wbx,MIN,MIN
DefaultDimension_Product,wbx,MMM,MMM
DefaultDimension_Product,wbx,MNP,YYB
DefaultDimension_Product,wbx,MUE,
DefaultDimension_Product,wbx,MWT,MWT
DefaultDimension_Product,wbx,NAS,NAS
DefaultDimension_Product,wbx,NBR,YYB
DefaultDimension_Product,wbx,OBL,OBL
DefaultDimension_Product,wbx,OBX,
DefaultDimension_Product,wbx,OFL,OFL
DefaultDimension_Product,wbx,OGB,OGB
DefaultDimension_Product,wbx,ORB,ORB
DefaultDimension_Product,wbx,ORE,ORE
DefaultDimension_Product,wbx,ORP,
DefaultDimension_Product,wbx,OXF,YYB
DefaultDimension_Product,wbx,PBR,PBR
DefaultDimension_Product,wbx,PPL,YYB
DefaultDimension_Product,wbx,PPP,YYB
DefaultDimension_Product,wbx,PPS,YYB
DefaultDimension_Product,wbx,PWN,YYB
DefaultDimension_Product,wbx,PWR,YYB
DefaultDimension_Product,wbx,PWW,YYB
DefaultDimension_Product,wbx,RBK,RBK
DefaultDimension_Product,wbx,ROK,YYB
DefaultDimension_Product,wbx,ROO,ROO
DefaultDimension_Product,wbx,RPR,RPR
DefaultDimension_Product,wbx,WAD,WAD
DefaultDimension_Product,wbx,WAF,WAF
DefaultDimension_Product,wbx,WBA,WBA
DefaultDimension_Product,wbx,WBS,YYB
DefaultDimension_Product,wbx,WBX,WBX
DefaultDimension_Product,wbx,WCH,WCH
DefaultDimension_Product,wbx,WCM,WCM
DefaultDimension_Product,wbx,WCP,WCP
DefaultDimension_Product,wbx,WCT,
DefaultDimension_Product,wbx,WEE,WEE
DefaultDimension_Product,wbx,WGS,WGS
DefaultDimension_Product,wbx,WKB,YYB
DefaultDimension_Product,wbx,WPB,WPB
DefaultDimension_Product,wbx,WPC,YYB
DefaultDimension_Product,wbx,WPR,WPR
DefaultDimension_Product,wbx,WSP,
DefaultDimension_Product,wbx,WST,YYB
DefaultDimension_Product,wbx,WTB,YYB
DefaultDimension_Product,wbx,WWA,YYB
DefaultDimension_Product,wbx,XXX,YYB
DefaultDimension_Product,wbx,YYB,YYB
DefaultDimension_Product,wbx,YYP,YYB
DefaultDimension_Product_xlnm#_FilterDatabase,ibe,ACL,ACL
DefaultDimension_Product_xlnm#_FilterDatabase,ibe,AGR,YYB
DefaultDimension_Product_xlnm#_FilterDatabase,ibe,ALB,ALB
DefaultDimension_Product_xlnm#_FilterDatabase,ibe,ALP,ALP
DefaultDimension_Product_xlnm#_FilterDatabase,ibe,APB,APB
DefaultDimension_Product_xlnm#_FilterDatabase,ibe,APM,APM
DefaultDimension_Product_xlnm#_FilterDatabase,ibe,APO,YYB
DefaultDimension_Product_xlnm#_FilterDatabase,ibe,BIC,BIC
DefaultDimension_Product_xlnm#_FilterDatabase,ibe,BIS,BIS
DefaultDimension_Product_xlnm#_FilterDatabase,ibe,BPL,BPL
DefaultDimension_Product_xlnm#_FilterDatabase,ibe,DAN,
DefaultDimension_Product_xlnm#_FilterDatabase,ibe,DIS,DIS
DefaultDimension_Product_xlnm#_FilterDatabase,ibe,DYB,YYB
DefaultDimension_Product_xlnm#_FilterDatabase,ibe,DYE,YYB
DefaultDimension_Product_xlnm#_FilterDatabase,ibe,EXT,EXT
DefaultDimension_Product_xlnm#_FilterDatabase,ibe,FLK,FLK
DefaultDimension_Product_xlnm#_FilterDatabase,ibe,HOC,HOC
DefaultDimension_Product_xlnm#_FilterDatabase,ibe,LTB,LTB
DefaultDimension_Product_xlnm#_FilterDatabase,ibe,MIN,MIN
DefaultDimension_Product_xlnm#_FilterDatabase,ibe,MMM,MMM
DefaultDimension_Product_xlnm#_FilterDatabase,ibe,MNP,YYB
DefaultDimension_Product_xlnm#_FilterDatabase,ibe,MUE,
DefaultDimension_Product_xlnm#_FilterDatabase,ibe,MWT,MWT
DefaultDimension_Product_xlnm#_FilterDatabase,ibe,NAS,NAS
DefaultDimension_Product_xlnm#_FilterDatabase,ibe,NBR,YYB
DefaultDimension_Product_xlnm#_FilterDatabase,ibe,OBL,OBL
DefaultDimension_Product_xlnm#_FilterDatabase,ibe,OBX,
DefaultDimension_Product_xlnm#_FilterDatabase,ibe,OFL,OFL
DefaultDimension_Product_xlnm#_FilterDatabase,ibe,OGB,OGB
DefaultDimension_Product_xlnm#_FilterDatabase,ibe,ORB,ORB
DefaultDimension_Product_xlnm#_FilterDatabase,ibe,ORE,ORE
DefaultDimension_Product_xlnm#_FilterDatabase,ibe,ORP,
DefaultDimension_Product_xlnm#_FilterDatabase,ibe,OXF,YYB
DefaultDimension_Product_xlnm#_FilterDatabase,ibe,PBR,PBR
DefaultDimension_Product_xlnm#_FilterDatabase,ibe,PPL,YYB
DefaultDimension_Product_xlnm#_FilterDatabase,ibe,PPP,YYB
DefaultDimension_Product_xlnm#_FilterDatabase,ibe,PPS,YYB
DefaultDimension_Product_xlnm#_FilterDatabase,ibe,PWN,YYB
DefaultDimension_Product_xlnm#_FilterDatabase,ibe,PWR,YYB
DefaultDimension_Product_xlnm#_FilterDatabase,ibe,PWW,YYB
DefaultDimension_Product_xlnm#_FilterDatabase,ibe,RBK,RBK
DefaultDimension_Product_xlnm#_FilterDatabase,ibe,ROK,YYB
DefaultDimension_Product_xlnm#_FilterDatabase,ibe,ROO,ROO
DefaultDimension_Product_xlnm#_FilterDatabase,ibe,RPR,RPR
DefaultDimension_Product_xlnm#_FilterDatabase,ibe,WAD,WAD
DefaultDimension_Product_xlnm#_FilterDatabase,ibe,WAF,WAF
DefaultDimension_Product_xlnm#_FilterDatabase,ibe,WBA,WBA
DefaultDimension_Product_xlnm#_FilterDatabase,ibe,WBS,YYB
DefaultDimension_Product_xlnm#_FilterDatabase,ibe,WBX,WBX
DefaultDimension_Product_xlnm#_FilterDatabase,ibe,WCH,WCH
DefaultDimension_Product_xlnm#_FilterDatabase,ibe,WCM,WCM
DefaultDimension_Product_xlnm#_FilterDatabase,ibe,WCP,WCP
DefaultDimension_Product_xlnm#_FilterDatabase,ibe,WCT,
DefaultDimension_Product_xlnm#_FilterDatabase,ibe,WEE,WEE
DefaultDimension_Product_xlnm#_FilterDatabase,ibe,WGS,WGS
DefaultDimension_Product_xlnm#_FilterDatabase,ibe,WKB,YYB
DefaultDimension_Product_xlnm#_FilterDatabase,ibe,WPB,WPB
DefaultDimension_Product_xlnm#_FilterDatabase,ibe,WPC,YYB
DefaultDimension_Product_xlnm#_FilterDatabase,ibe,WPR,WPR
DefaultDimension_Product_xlnm#_FilterDatabase,ibe,WSP,
DefaultDimension_Product_xlnm#_FilterDatabase,ibe,WST,YYB
DefaultDimension_Product_xlnm#_FilterDatabase,ibe,WTB,YYB
DefaultDimension_Product_xlnm#_FilterDatabase,ibe,WWA,YYB
DefaultDimension_Product_xlnm#_FilterDatabase,ibe,XXX,YYB
DefaultDimension_Product_xlnm#_FilterDatabase,ibe,YYB,YYB
DefaultDimension_Product_xlnm#_FilterDatabase,ibe,YYP,YYB
DefaultDimension_Product_xlnm#_FilterDatabase,rfl,ACL,ACL
DefaultDimension_Product_xlnm#_FilterDatabase,rfl,AGR,YYB
DefaultDimension_Product_xlnm#_FilterDatabase,rfl,ALB,ALB
DefaultDimension_Product_xlnm#_FilterDatabase,rfl,ALP,ALP
DefaultDimension_Product_xlnm#_FilterDatabase,rfl,APB,APB
DefaultDimension_Product_xlnm#_FilterDatabase,rfl,APM,APM
DefaultDimension_Product_xlnm#_FilterDatabase,rfl,APO,YYB
DefaultDimension_Product_xlnm#_FilterDatabase,rfl,BIC,BIC
DefaultDimension_Product_xlnm#_FilterDatabase,rfl,BIS,BIS
DefaultDimension_Product_xlnm#_FilterDatabase,rfl,BPL,BPL
DefaultDimension_Product_xlnm#_FilterDatabase,rfl,DAN,
DefaultDimension_Product_xlnm#_FilterDatabase,rfl,DIS,DIS
DefaultDimension_Product_xlnm#_FilterDatabase,rfl,DYB,YYB
DefaultDimension_Product_xlnm#_FilterDatabase,rfl,DYE,YYB
DefaultDimension_Product_xlnm#_FilterDatabase,rfl,EXT,EXT
DefaultDimension_Product_xlnm#_FilterDatabase,rfl,FLK,FLK
DefaultDimension_Product_xlnm#_FilterDatabase,rfl,HOC,HOC
DefaultDimension_Product_xlnm#_FilterDatabase,rfl,LTB,LTB
DefaultDimension_Product_xlnm#_FilterDatabase,rfl,MIN,MIN
DefaultDimension_Product_xlnm#_FilterDatabase,rfl,MMM,MMM
DefaultDimension_Product_xlnm#_FilterDatabase,rfl,MNP,YYB
DefaultDimension_Product_xlnm#_FilterDatabase,rfl,MUE,
DefaultDimension_Product_xlnm#_FilterDatabase,rfl,MWT,MWT
DefaultDimension_Product_xlnm#_FilterDatabase,rfl,NAS,NAS
DefaultDimension_Product_xlnm#_FilterDatabase,rfl,NBR,YYB
DefaultDimension_Product_xlnm#_FilterDatabase,rfl,OBL,OBL
DefaultDimension_Product_xlnm#_FilterDatabase,rfl,OBX,
DefaultDimension_Product_xlnm#_FilterDatabase,rfl,OFL,OFL
DefaultDimension_Product_xlnm#_FilterDatabase,rfl,OGB,OGB
DefaultDimension_Product_xlnm#_FilterDatabase,rfl,ORB,ORB
DefaultDimension_Product_xlnm#_FilterDatabase,rfl,ORE,ORE
DefaultDimension_Product_xlnm#_FilterDatabase,rfl,ORP,
DefaultDimension_Product_xlnm#_FilterDatabase,rfl,OXF,YYB
DefaultDimension_Product_xlnm#_FilterDatabase,rfl,PBR,PBR
DefaultDimension_Product_xlnm#_FilterDatabase,rfl,PPL,YYB
DefaultDimension_Product_xlnm#_FilterDatabase,rfl,PPP,YYB
DefaultDimension_Product_xlnm#_FilterDatabase,rfl,PPS,YYB
DefaultDimension_Product_xlnm#_FilterDatabase,rfl,PWN,YYB
DefaultDimension_Product_xlnm#_FilterDatabase,rfl,PWR,YYB
DefaultDimension_Product_xlnm#_FilterDatabase,rfl,PWW,YYB
DefaultDimension_Product_xlnm#_FilterDatabase,rfl,RBK,RBK
DefaultDimension_Product_xlnm#_FilterDatabase,rfl,ROK,YYB
DefaultDimension_Product_xlnm#_FilterDatabase,rfl,ROO,ROO
DefaultDimension_Product_xlnm#_FilterDatabase,rfl,RPR,RPR
DefaultDimension_Product_xlnm#_FilterDatabase,rfl,WAD,WAD
DefaultDimension_Product_xlnm#_FilterDatabase,rfl,WAF,WAF
DefaultDimension_Product_xlnm#_FilterDatabase,rfl,WBA,WBA
DefaultDimension_Product_xlnm#_FilterDatabase,rfl,WBS,YYB
DefaultDimension_Product_xlnm#_FilterDatabase,rfl,WBX,WBX
DefaultDimension_Product_xlnm#_FilterDatabase,rfl,WCH,WCH
DefaultDimension_Product_xlnm#_FilterDatabase,rfl,WCM,WCM
DefaultDimension_Product_xlnm#_FilterDatabase,rfl,WCP,WCP
DefaultDimension_Product_xlnm#_FilterDatabase,rfl,WCT,
DefaultDimension_Product_xlnm#_FilterDatabase,rfl,WEE,WEE
DefaultDimension_Product_xlnm#_FilterDatabase,rfl,WGS,WGS
DefaultDimension_Product_xlnm#_FilterDatabase,rfl,WKB,YYB
DefaultDimension_Product_xlnm#_FilterDatabase,rfl,WPB,WPB
DefaultDimension_Product_xlnm#_FilterDatabase,rfl,WPC,YYB
DefaultDimension_Product_xlnm#_FilterDatabase,rfl,WPR,WPR
DefaultDimension_Product_xlnm#_FilterDatabase,rfl,WSP,
DefaultDimension_Product_xlnm#_FilterDatabase,rfl,WST,YYB
DefaultDimension_Product_xlnm#_FilterDatabase,rfl,WTB,YYB
DefaultDimension_Product_xlnm#_FilterDatabase,rfl,WWA,YYB
DefaultDimension_Product_xlnm#_FilterDatabase,rfl,XXX,YYB
DefaultDimension_Product_xlnm#_FilterDatabase,rfl,YYB,YYB
DefaultDimension_Product_xlnm#_FilterDatabase,rfl,YYP,YYB
DefaultDimension_Product_xlnm#_FilterDatabase,wbx,ACL,ACL
DefaultDimension_Product_xlnm#_FilterDatabase,wbx,AGR,YYB
DefaultDimension_Product_xlnm#_FilterDatabase,wbx,ALB,ALB
DefaultDimension_Product_xlnm#_FilterDatabase,wbx,ALP,ALP
DefaultDimension_Product_xlnm#_FilterDatabase,wbx,APB,APB
DefaultDimension_Product_xlnm#_FilterDatabase,wbx,APM,APM
DefaultDimension_Product_xlnm#_FilterDatabase,wbx,APO,YYB
DefaultDimension_Product_xlnm#_FilterDatabase,wbx,BIC,BIC
DefaultDimension_Product_xlnm#_FilterDatabase,wbx,BIS,BIS
DefaultDimension_Product_xlnm#_FilterDatabase,wbx,BPL,BPL
DefaultDimension_Product_xlnm#_FilterDatabase,wbx,DAN,
DefaultDimension_Product_xlnm#_FilterDatabase,wbx,DIS,DIS
DefaultDimension_Product_xlnm#_FilterDatabase,wbx,DYB,YYB
DefaultDimension_Product_xlnm#_FilterDatabase,wbx,DYE,YYB
DefaultDimension_Product_xlnm#_FilterDatabase,wbx,EXT,EXT
DefaultDimension_Product_xlnm#_FilterDatabase,wbx,FLK,FLK
DefaultDimension_Product_xlnm#_FilterDatabase,wbx,HOC,HOC
DefaultDimension_Product_xlnm#_FilterDatabase,wbx,LTB,LTB
DefaultDimension_Product_xlnm#_FilterDatabase,wbx,MIN,MIN
DefaultDimension_Product_xlnm#_FilterDatabase,wbx,MMM,MMM
DefaultDimension_Product_xlnm#_FilterDatabase,wbx,MNP,YYB
DefaultDimension_Product_xlnm#_FilterDatabase,wbx,MUE,
DefaultDimension_Product_xlnm#_FilterDatabase,wbx,MWT,MWT
DefaultDimension_Product_xlnm#_FilterDatabase,wbx,NAS,NAS
DefaultDimension_Product_xlnm#_FilterDatabase,wbx,NBR,YYB
DefaultDimension_Product_xlnm#_FilterDatabase,wbx,OBL,OBL
DefaultDimension_Product_xlnm#_FilterDatabase,wbx,OBX,
DefaultDimension_Product_xlnm#_FilterDatabase,wbx,OFL,OFL
DefaultDimension_Product_xlnm#_FilterDatabase,wbx,OGB,OGB
DefaultDimension_Product_xlnm#_FilterDatabase,wbx,ORB,ORB
DefaultDimension_Product_xlnm#_FilterDatabase,wbx,ORE,ORE
DefaultDimension_Product_xlnm#_FilterDatabase,wbx,ORP,
DefaultDimension_Product_xlnm#_FilterDatabase,wbx,OXF,YYB
DefaultDimension_Product_xlnm#_FilterDatabase,wbx,PBR,PBR
DefaultDimension_Product_xlnm#_FilterDatabase,wbx,PPL,YYB
DefaultDimension_Product_xlnm#_FilterDatabase,wbx,PPP,YYB
DefaultDimension_Product_xlnm#_FilterDatabase,wbx,PPS,YYB
DefaultDimension_Product_xlnm#_FilterDatabase,wbx,PWN,YYB
DefaultDimension_Product_xlnm#_FilterDatabase,wbx,PWR,YYB
DefaultDimension_Product_xlnm#_FilterDatabase,wbx,PWW,YYB
DefaultDimension_Product_xlnm#_FilterDatabase,wbx,RBK,RBK
DefaultDimension_Product_xlnm#_FilterDatabase,wbx,ROK,YYB
DefaultDimension_Product_xlnm#_FilterDatabase,wbx,ROO,ROO
DefaultDimension_Product_xlnm#_FilterDatabase,wbx,RPR,RPR
DefaultDimension_Product_xlnm#_FilterDatabase,wbx,WAD,WAD
DefaultDimension_Product_xlnm#_FilterDatabase,wbx,WAF,WAF
DefaultDimension_Product_xlnm#_FilterDatabase,wbx,WBA,WBA
DefaultDimension_Product_xlnm#_FilterDatabase,wbx,WBS,YYB
DefaultDimension_Product_xlnm#_FilterDatabase,wbx,WBX,WBX
DefaultDimension_Product_xlnm#_FilterDatabase,wbx,WCH,WCH
DefaultDimension_Product_xlnm#_FilterDatabase,wbx,WCM,WCM
DefaultDimension_Product_xlnm#_FilterDatabase,wbx,WCP,WCP
DefaultDimension_Product_xlnm#_FilterDatabase,wbx,WCT,
DefaultDimension_Product_xlnm#_FilterDatabase,wbx,WEE,WEE
DefaultDimension_Product_xlnm#_FilterDatabase,wbx,WGS,WGS
DefaultDimension_Product_xlnm#_FilterDatabase,wbx,WKB,YYB
DefaultDimension_Product_xlnm#_FilterDatabase,wbx,WPB,WPB
DefaultDimension_Product_xlnm#_FilterDatabase,wbx,WPC,YYB
DefaultDimension_Product_xlnm#_FilterDatabase,wbx,WPR,WPR
DefaultDimension_Product_xlnm#_FilterDatabase,wbx,WSP,
DefaultDimension_Product_xlnm#_FilterDatabase,wbx,WST,YYB
DefaultDimension_Product_xlnm#_FilterDatabase,wbx,WTB,YYB
DefaultDimension_Product_xlnm#_FilterDatabase,wbx,WWA,YYB
DefaultDimension_Product_xlnm#_FilterDatabase,wbx,XXX,YYB
DefaultDimension_Product_xlnm#_FilterDatabase,wbx,YYB,YYB
DefaultDimension_Product_xlnm#_FilterDatabase,wbx,YYP,YYB
DefaultDimension_Site,ibe,ANI-IBE,ANI-IBE
DefaultDimension_Site,ibe,DAY-IBE,DAY-IBE
DefaultDimension_Site,ibe,GEN-IBE,GEN-IBE
DefaultDimension_Site,ibe,HAR-IBE,HAR-IBE
DefaultDimension_Site,ibe,MON-IBE,MON-IBE
DefaultDimension_Site,ibe,MUL-IBE,MUL-IBE
DefaultDimension_Site,ibe,WBX-IBE,WBX-IBE
DefaultDimension_Site,rfl,ASH,RFL
DefaultDimension_Site,wbx,ACL,COMAN
DefaultDimension_Site,wbx,ALP,ALP
DefaultDimension_Site,wbx,ALPEN,ALP
DefaultDimension_Site,wbx,AP1,AP1
DefaultDimension_Site,wbx,AP2,AP2
DefaultDimension_Site,wbx,AP3,BL-WHSE
DefaultDimension_Site,wbx,AP4,AP4
DefaultDimension_Site,wbx,AP6,AP6
DefaultDimension_Site,wbx,AP7,AP7
DefaultDimension_Site,wbx,BL,BL-WHSE
DefaultDimension_Site,wbx,BOK,COMAN
DefaultDimension_Site,wbx,BRK,CO-PACK
DefaultDimension_Site,wbx,CB1,CBY-WHSE
DefaultDimension_Site,wbx,CB2,CBY-WHSE
DefaultDimension_Site,wbx,CB3,CBY-WHSE
DefaultDimension_Site,wbx,CBW,CBY-WHSE
DefaultDimension_Site,wbx,CBY,CBY-WHSE
DefaultDimension_Site,wbx,DYE,CBY-EX
DefaultDimension_Site,wbx,ENERGY,ENERGY
DefaultDimension_Site,wbx,EOM,COMAN
DefaultDimension_Site,wbx,EXT,CBY-EX
DefaultDimension_Site,wbx,FLK,CBY-FLK
DefaultDimension_Site,wbx,GEN,BL-WHSE
DefaultDimension_Site,wbx,HFL,COMAN
DefaultDimension_Site,wbx,HOC,CBY-RB
DefaultDimension_Site,wbx,IT,BL-WHSE
DefaultDimension_Site,wbx,J,BL-WHSE
DefaultDimension_Site,wbx,K,BL-WHSE
DefaultDimension_Site,wbx,L,BL-WHSE
DefaultDimension_Site,wbx,M,BL-WHSE
DefaultDimension_Site,wbx,MCH,COMAN
DefaultDimension_Site,wbx,MSD,COMAN
DefaultDimension_Site,wbx,OFL,CBY-FLK
DefaultDimension_Site,wbx,ORB,CBY-EX
DefaultDimension_Site,wbx,RBK,CBY-RB
DefaultDimension_Site,wbx,RD,BL-WHSE
DefaultDimension_Site,wbx,Scrap,BL-WHSE
DefaultDimension_Site,wbx,SPC,COMAN
DefaultDimension_Site,wbx,Store,BL-WHSE
DefaultDimension_Site,wbx,VPB,COMAN
DefaultDimension_Site,wbx,WCP,WCP
DefaultDimension_Site,wbx,WEE,CBY-EX
DefaultDimension_Site,wbx,WMS,BL-WHSE
DefaultDimension_Site,wbx,WPC,CBY-EX
DefaultDimension_Site,wbx,WPR,CBY-EX
DefaultDimension_Site,wbx,XGP,COMAN
DefaultDimension_Site_xlnm#_FilterDatabase,ibe,ANI-IBE,ANI-IBE
DefaultDimension_Site_xlnm#_FilterDatabase,ibe,DAY-IBE,DAY-IBE
DefaultDimension_Site_xlnm#_FilterDatabase,ibe,GEN-IBE,GEN-IBE
DefaultDimension_Site_xlnm#_FilterDatabase,ibe,HAR-IBE,HAR-IBE
DefaultDimension_Site_xlnm#_FilterDatabase,ibe,MON-IBE,MON-IBE
DefaultDimension_Site_xlnm#_FilterDatabase,ibe,MUL-IBE,MUL-IBE
DefaultDimension_Site_xlnm#_FilterDatabase,ibe,WBX-IBE,WBX-IBE
DefaultDimension_Site_xlnm#_FilterDatabase,rfl,ASH,RFL
DefaultDimension_Site_xlnm#_FilterDatabase,wbx,ACL,COMAN
DefaultDimension_Site_xlnm#_FilterDatabase,wbx,ALP,ALP
DefaultDimension_Site_xlnm#_FilterDatabase,wbx,ALPEN,ALP
DefaultDimension_Site_xlnm#_FilterDatabase,wbx,AP1,AP1
DefaultDimension_Site_xlnm#_FilterDatabase,wbx,AP2,AP2
DefaultDimension_Site_xlnm#_FilterDatabase,wbx,AP3,BL-WHSE
DefaultDimension_Site_xlnm#_FilterDatabase,wbx,AP4,AP4
DefaultDimension_Site_xlnm#_FilterDatabase,wbx,AP6,AP6
DefaultDimension_Site_xlnm#_FilterDatabase,wbx,AP7,AP7
DefaultDimension_Site_xlnm#_FilterDatabase,wbx,BL,BL-WHSE
DefaultDimension_Site_xlnm#_FilterDatabase,wbx,BOK,COMAN
DefaultDimension_Site_xlnm#_FilterDatabase,wbx,BRK,CO-PACK
DefaultDimension_Site_xlnm#_FilterDatabase,wbx,CB1,CBY-WHSE
DefaultDimension_Site_xlnm#_FilterDatabase,wbx,CB2,CBY-WHSE
DefaultDimension_Site_xlnm#_FilterDatabase,wbx,CB3,CBY-WHSE
DefaultDimension_Site_xlnm#_FilterDatabase,wbx,CBW,CBY-WHSE
DefaultDimension_Site_xlnm#_FilterDatabase,wbx,CBY,CBY-WHSE
DefaultDimension_Site_xlnm#_FilterDatabase,wbx,DYE,CBY-EX
DefaultDimension_Site_xlnm#_FilterDatabase,wbx,ENERGY,ENERGY
DefaultDimension_Site_xlnm#_FilterDatabase,wbx,EOM,COMAN
DefaultDimension_Site_xlnm#_FilterDatabase,wbx,EXT,CBY-EX
DefaultDimension_Site_xlnm#_FilterDatabase,wbx,FLK,CBY-FLK
DefaultDimension_Site_xlnm#_FilterDatabase,wbx,GEN,BL-WHSE
DefaultDimension_Site_xlnm#_FilterDatabase,wbx,HFL,COMAN
DefaultDimension_Site_xlnm#_FilterDatabase,wbx,HOC,CBY-RB
DefaultDimension_Site_xlnm#_FilterDatabase,wbx,IT,BL-WHSE
DefaultDimension_Site_xlnm#_FilterDatabase,wbx,J,BL-WHSE
DefaultDimension_Site_xlnm#_FilterDatabase,wbx,K,BL-WHSE
DefaultDimension_Site_xlnm#_FilterDatabase,wbx,L,BL-WHSE
DefaultDimension_Site_xlnm#_FilterDatabase,wbx,M,BL-WHSE
DefaultDimension_Site_xlnm#_FilterDatabase,wbx,MCH,COMAN
DefaultDimension_Site_xlnm#_FilterDatabase,wbx,MSD,COMAN
DefaultDimension_Site_xlnm#_FilterDatabase,wbx,OFL,CBY-FLK
DefaultDimension_Site_xlnm#_FilterDatabase,wbx,ORB,CBY-EX
DefaultDimension_Site_xlnm#_FilterDatabase,wbx,RBK,CBY-RB
DefaultDimension_Site_xlnm#_FilterDatabase,wbx,RD,BL-WHSE
DefaultDimension_Site_xlnm#_FilterDatabase,wbx,Scrap,BL-WHSE
DefaultDimension_Site_xlnm#_FilterDatabase,wbx,SPC,COMAN
DefaultDimension_Site_xlnm#_FilterDatabase,wbx,Store,BL-WHSE
DefaultDimension_Site_xlnm#_FilterDatabase,wbx,VPB,COMAN
DefaultDimension_Site_xlnm#_FilterDatabase,wbx,WCP,WCP
DefaultDimension_Site_xlnm#_FilterDatabase,wbx,WEE,CBY-EX
DefaultDimension_Site_xlnm#_FilterDatabase,wbx,WMS,BL-WHSE
DefaultDimension_Site_xlnm#_FilterDatabase,wbx,WPC,CBY-EX
DefaultDimension_Site_xlnm#_FilterDatabase,wbx,WPR,CBY-EX
DefaultDimension_Site_xlnm#_FilterDatabase,wbx,XGP,COMAN
DestinationCode,wbx,LKW,LKW
DestinationCode,wbx,MAXI,MAXI
DestinationCode,wbx,XPO,XPO
DiscountGroup,ibe,AHORRAMAS,AHORRAMAS
DiscountGroup,ibe,ALCAMPO,ALCAMPO
DiscountGroup,ibe,ALDI,ALDI
DiscountGroup,ibe,ALIMERKA,ALIMERKA
DiscountGroup,ibe,AMAZON,AMAZON
DiscountGroup,ibe,ANGLO INTE,ANGLO INTE
DiscountGroup,ibe,BARCELONA,BARCELONA
DiscountGroup,ibe,BON PREU,BON PREU
DiscountGroup,ibe,CARREFOUR,CARREFOUR
DiscountGroup,ibe,CARRERAS,CARRERAS
DiscountGroup,ibe,CASHDIPLO,CASHDIPLO
DiscountGroup,ibe,COALIMENT,COALIMENT
DiscountGroup,ibe,CONSUM,CONSUM
DiscountGroup,ibe,COSTCO,COSTCO
DiscountGroup,ibe,DIA,DIA
DiscountGroup,ibe,DSG,DSG
DiscountGroup,ibe,EL CORTE I,EL CORTE I
DiscountGroup,ibe,EROSKI,EROSKI
DiscountGroup,ibe,EXCLUIB,EXCLUIB
DiscountGroup,ibe,FORNES,FORNES
DiscountGroup,ibe,FRAGADIS,FRAGADIS
DiscountGroup,ibe,GADISA,GADISA
DiscountGroup,ibe,GALARZA,GALARZA
DiscountGroup,ibe,GETIR,GETIR
DiscountGroup,ibe,GUILLEN,GUILLEN
DiscountGroup,ibe,HERMANOS M,HERMANOS M
DiscountGroup,ibe,HOTELSA,HOTELSA
DiscountGroup,ibe,I.D.P.A,I.D.P.A
DiscountGroup,ibe,IGASA,IGASA
DiscountGroup,ibe,LIDER,LIDER
DiscountGroup,ibe,MASKOMO,MASKOMO
DiscountGroup,ibe,MC INTERNA,MC INTERNA
DiscountGroup,ibe,MERCADONA,MERCADONA
DiscountGroup,ibe,MUSGRAVE,MUSGRAVE
DiscountGroup,ibe,OVERSEAS,OVERSEAS
DiscountGroup,ibe,PINGO DOCE,PINGO DOCE
DiscountGroup,ibe,PRIMEBRAND,PRIMEBRAND
DiscountGroup,ibe,ROSSELL,ROSSELL
DiscountGroup,ibe,SEMARK,SEMARK
DiscountGroup,ibe,SERVIHOTEL,SERVIHOTEL
DiscountGroup,ibe,SGA,SGA
DiscountGroup,ibe,TERM AL23B,TERM AL23B
DiscountGroup,ibe,TERM ALC24,TERM ALC24
DiscountGroup,ibe,TERM CF23B,TERM CF23B
DiscountGroup,ibe,TERM CF23C,TERM CF23C
DiscountGroup,ibe,TERM CF24,TERM CF24
DiscountGroup,ibe,TERM CHIPR,TERM CHIPR
DiscountGroup,ibe,TERM ECI24,TERM ECI24
DiscountGroup,ibe,TERM ITA2,TERM ITA2
DiscountGroup,ibe,TERM ITA3,TERM ITA3
DiscountGroup,ibe,TERM JM23,TERM JM23
DiscountGroup,ibe,TERM JM24,TERM JM24
DiscountGroup,ibe,TERM JOR21,TERM JOR21
DiscountGroup,ibe,TERM MALTA,TERM MALTA
DiscountGroup,ibe,TERM MEX,TERM MEX
DiscountGroup,ibe,TERM NOR2,TERM NOR2
DiscountGroup,ibe,TERM PB23,TERM PB23
DiscountGroup,ibe,TERM PB24,TERM PB24
DiscountGroup,ibe,TERM SON23,TERM SON23
DiscountGroup,ibe,TERM SON24,TERM SON24
DiscountGroup,ibe,TERM SP23B,TERM SP23B
DiscountGroup,ibe,TERM SP24,TERM SP24
DiscountGroup,ibe,TERM SWED2,TERM SWED2
DiscountGroup,ibe,TERM UAE23,TERM UAE23
DiscountGroup,ibe,TERM VOLK1,TERM VOLK1
DiscountGroup,ibe,TERM VOLK2,TERM VOLK2
DiscountGroup,ibe,TERM VOLK4,TERM VOLK4
DiscountGroup,ibe,TERM VOLK6,TERM VOLK6
DiscountGroup,ibe,TINDALE,TINDALE
DiscountGroup,ibe,TORRESM,TORRESM
DiscountGroup,ibe,TRANSGOURM,TRANSGOURM
DiscountGroup,ibe,UNIALCO,UNIALCO
DiscountGroup,ibe,UNIDE,UNIDE
DiscountGroup,ibe,UPPER,UPPER
DiscountGroup,wbx,010-TESC,010-TESC
DiscountGroup,wbx,020-ASDA,020-ASDA
DiscountGroup,wbx,030-SAIN,030-SAIN
DiscountGroup,wbx,040-MORR,040-MORR
DiscountGroup,wbx,050-WAIT,050-WAIT
DiscountGroup,wbx,055-OCADO,055-OCADO
DiscountGroup,wbx,060-COOP,060-COOP
DiscountGroup,wbx,070-ALDI,070-ALDI
DiscountGroup,wbx,080-LIDL,080-LIDL
DiscountGroup,wbx,090-ICEL,090-ICEL
DiscountGroup,wbx,100-AMAZ,100-AMAZ
DiscountGroup,wbx,110-COST,110-COST
DiscountGroup,wbx,120-1STP,120-1STP
DiscountGroup,wbx,140-ROIJB,140-ROIJB
DiscountGroup,wbx,150-ROITES,150-ROITES
DiscountGroup,wbx,160-ROILID,160-ROILID
DiscountGroup,wbx,172-ROIALG,172-ROIALG
DiscountGroup,wbx,174-ROIDUN,174-ROIDUN
DiscountGroup,wbx,176-ROIMUS,176-ROIMUS
DiscountGroup,wbx,180-NETTO,180-NETTO
DiscountGroup,wbx,200-BOOKER,200-BOOKER
DiscountGroup,wbx,205-BOOTH,205-BOOTH
DiscountGroup,wbx,210-SPAR,210-SPAR
DiscountGroup,wbx,220-WHS,220-WHS
DiscountGroup,wbx,240-BESTWY,240-BESTWY
DiscountGroup,wbx,250-MARKS,250-MARKS
DiscountGroup,wbx,260-ALGNI,260-ALGNI
DiscountGroup,wbx,270-FARND,270-FARND
DiscountGroup,wbx,300-ACG,300-ACG
DiscountGroup,wbx,320-C-ONLY,320-C-ONLY
DiscountGroup,wbx,330-G-ONLY,330-G-ONLY
DiscountGroup,wbx,910-DSSMTH,910-DSSMTH
DiscountGroup,wbx,980-COMAN,980-COMAN
DiscountGroup,wbx,AG,
DiscountGroup,wbx,AL,AL
DiscountGroup,wbx,AN,
DiscountGroup,wbx,AS,AS
DiscountGroup,wbx,AZ,AZ
DiscountGroup,wbx,BE,BE
DiscountGroup,wbx,BL,BL
DiscountGroup,wbx,BM,BM
DiscountGroup,wbx,BO,BO
DiscountGroup,wbx,BR,BR
DiscountGroup,wbx,BT,BT
DiscountGroup,wbx,CC,CC
DiscountGroup,wbx,CF,CF
DiscountGroup,wbx,CL,CL
DiscountGroup,wbx,CO,CO
DiscountGroup,wbx,CR,CR
DiscountGroup,wbx,CS,CS
DiscountGroup,wbx,DN,
DiscountGroup,wbx,FF,FF
DiscountGroup,wbx,FW,FW
DiscountGroup,wbx,HE,HE
DiscountGroup,wbx,IA,IA
DiscountGroup,wbx,IC,IC
DiscountGroup,wbx,IL,
DiscountGroup,wbx,IT,
DiscountGroup,wbx,JS,JS
DiscountGroup,wbx,LA,
DiscountGroup,wbx,LI,LI
DiscountGroup,wbx,MG,MG
DiscountGroup,wbx,MO,MO
DiscountGroup,wbx,MS,
DiscountGroup,wbx,MV,
DiscountGroup,wbx,NE,NE
DiscountGroup,wbx,NH,NH
DiscountGroup,wbx,NI,NI
DiscountGroup,wbx,OC,OC
DiscountGroup,wbx,OU,OU
DiscountGroup,wbx,PH,PH
DiscountGroup,wbx,RA,
DiscountGroup,wbx,SL,SL
DiscountGroup,wbx,SP,SP
DiscountGroup,wbx,TD,TD
DiscountGroup,wbx,TE,TE
DiscountGroup,wbx,TO,TO
DiscountGroup,wbx,TS,TS
DiscountGroup,wbx,WA,WA
DiscountGroup,wbx,WO,WO
DiscountGroup_xlnm#_FilterDatabase,ibe,AHORRAMAS,AHORRAMAS
DiscountGroup_xlnm#_FilterDatabase,ibe,ALCAMPO,ALCAMPO
DiscountGroup_xlnm#_FilterDatabase,ibe,ALDI,ALDI
DiscountGroup_xlnm#_FilterDatabase,ibe,ALIMERKA,ALIMERKA
DiscountGroup_xlnm#_FilterDatabase,ibe,AMAZON,AMAZON
DiscountGroup_xlnm#_FilterDatabase,ibe,ANGLO INTE,ANGLO INTE
DiscountGroup_xlnm#_FilterDatabase,ibe,BARCELONA,BARCELONA
DiscountGroup_xlnm#_FilterDatabase,ibe,BON PREU,BON PREU
DiscountGroup_xlnm#_FilterDatabase,ibe,CARREFOUR,CARREFOUR
DiscountGroup_xlnm#_FilterDatabase,ibe,CARRERAS,CARRERAS
DiscountGroup_xlnm#_FilterDatabase,ibe,CASHDIPLO,CASHDIPLO
DiscountGroup_xlnm#_FilterDatabase,ibe,COALIMENT,COALIMENT
DiscountGroup_xlnm#_FilterDatabase,ibe,CONSUM,CONSUM
DiscountGroup_xlnm#_FilterDatabase,ibe,COSTCO,COSTCO
DiscountGroup_xlnm#_FilterDatabase,ibe,DIA,DIA
DiscountGroup_xlnm#_FilterDatabase,ibe,DSG,DSG
DiscountGroup_xlnm#_FilterDatabase,ibe,EL CORTE I,EL CORTE I
DiscountGroup_xlnm#_FilterDatabase,ibe,EROSKI,EROSKI
DiscountGroup_xlnm#_FilterDatabase,ibe,EXCLUIB,EXCLUIB
DiscountGroup_xlnm#_FilterDatabase,ibe,FORNES,FORNES
DiscountGroup_xlnm#_FilterDatabase,ibe,FRAGADIS,FRAGADIS
DiscountGroup_xlnm#_FilterDatabase,ibe,GADISA,GADISA
DiscountGroup_xlnm#_FilterDatabase,ibe,GALARZA,GALARZA
DiscountGroup_xlnm#_FilterDatabase,ibe,GETIR,GETIR
DiscountGroup_xlnm#_FilterDatabase,ibe,GUILLEN,GUILLEN
DiscountGroup_xlnm#_FilterDatabase,ibe,HERMANOS M,HERMANOS M
DiscountGroup_xlnm#_FilterDatabase,ibe,HOTELSA,HOTELSA
DiscountGroup_xlnm#_FilterDatabase,ibe,I.D.P.A,I.D.P.A
DiscountGroup_xlnm#_FilterDatabase,ibe,IGASA,IGASA
DiscountGroup_xlnm#_FilterDatabase,ibe,LIDER,LIDER
DiscountGroup_xlnm#_FilterDatabase,ibe,MASKOMO,MASKOMO
DiscountGroup_xlnm#_FilterDatabase,ibe,MC INTERNA,MC INTERNA
DiscountGroup_xlnm#_FilterDatabase,ibe,MERCADONA,MERCADONA
DiscountGroup_xlnm#_FilterDatabase,ibe,MUSGRAVE,MUSGRAVE
DiscountGroup_xlnm#_FilterDatabase,ibe,OVERSEAS,OVERSEAS
DiscountGroup_xlnm#_FilterDatabase,ibe,PINGO DOCE,PINGO DOCE
DiscountGroup_xlnm#_FilterDatabase,ibe,PRIMEBRAND,PRIMEBRAND
DiscountGroup_xlnm#_FilterDatabase,ibe,ROSSELL,ROSSELL
DiscountGroup_xlnm#_FilterDatabase,ibe,SEMARK,SEMARK
DiscountGroup_xlnm#_FilterDatabase,ibe,SERVIHOTEL,SERVIHOTEL
DiscountGroup_xlnm#_FilterDatabase,ibe,SGA,SGA
DiscountGroup_xlnm#_FilterDatabase,ibe,TERM AL23B,TERM AL23B
DiscountGroup_xlnm#_FilterDatabase,ibe,TERM ALC24,TERM ALC24
DiscountGroup_xlnm#_FilterDatabase,ibe,TERM CF23B,TERM CF23B
DiscountGroup_xlnm#_FilterDatabase,ibe,TERM CF23C,TERM CF23C
DiscountGroup_xlnm#_FilterDatabase,ibe,TERM CF24,TERM CF24
DiscountGroup_xlnm#_FilterDatabase,ibe,TERM CHIPR,TERM CHIPR
DiscountGroup_xlnm#_FilterDatabase,ibe,TERM ECI24,TERM ECI24
DiscountGroup_xlnm#_FilterDatabase,ibe,TERM ITA2,TERM ITA2
DiscountGroup_xlnm#_FilterDatabase,ibe,TERM ITA3,TERM ITA3
DiscountGroup_xlnm#_FilterDatabase,ibe,TERM JM23,TERM JM23
DiscountGroup_xlnm#_FilterDatabase,ibe,TERM JM24,TERM JM24
DiscountGroup_xlnm#_FilterDatabase,ibe,TERM JOR21,TERM JOR21
DiscountGroup_xlnm#_FilterDatabase,ibe,TERM MALTA,TERM MALTA
DiscountGroup_xlnm#_FilterDatabase,ibe,TERM MEX,TERM MEX
DiscountGroup_xlnm#_FilterDatabase,ibe,TERM NOR2,TERM NOR2
DiscountGroup_xlnm#_FilterDatabase,ibe,TERM PB23,TERM PB23
DiscountGroup_xlnm#_FilterDatabase,ibe,TERM PB24,TERM PB24
DiscountGroup_xlnm#_FilterDatabase,ibe,TERM SON23,TERM SON23
DiscountGroup_xlnm#_FilterDatabase,ibe,TERM SON24,TERM SON24
DiscountGroup_xlnm#_FilterDatabase,ibe,TERM SP23B,TERM SP23B
DiscountGroup_xlnm#_FilterDatabase,ibe,TERM SP24,TERM SP24
DiscountGroup_xlnm#_FilterDatabase,ibe,TERM SWED2,TERM SWED2
DiscountGroup_xlnm#_FilterDatabase,ibe,TERM UAE23,TERM UAE23
DiscountGroup_xlnm#_FilterDatabase,ibe,TERM VOLK1,TERM VOLK1
DiscountGroup_xlnm#_FilterDatabase,ibe,TERM VOLK2,TERM VOLK2
DiscountGroup_xlnm#_FilterDatabase,ibe,TERM VOLK4,TERM VOLK4
DiscountGroup_xlnm#_FilterDatabase,ibe,TERM VOLK6,TERM VOLK6
DiscountGroup_xlnm#_FilterDatabase,ibe,TINDALE,TINDALE
DiscountGroup_xlnm#_FilterDatabase,ibe,TORRESM,TORRESM
DiscountGroup_xlnm#_FilterDatabase,ibe,TRANSGOURM,TRANSGOURM
DiscountGroup_xlnm#_FilterDatabase,ibe,UNIALCO,UNIALCO
DiscountGroup_xlnm#_FilterDatabase,ibe,UNIDE,UNIDE
DiscountGroup_xlnm#_FilterDatabase,ibe,UPPER,UPPER
DiscountGroup_xlnm#_FilterDatabase,wbx,010-TESC,010-TESC
DiscountGroup_xlnm#_FilterDatabase,wbx,020-ASDA,020-ASDA
DiscountGroup_xlnm#_FilterDatabase,wbx,030-SAIN,030-SAIN
DiscountGroup_xlnm#_FilterDatabase,wbx,040-MORR,040-MORR
DiscountGroup_xlnm#_FilterDatabase,wbx,050-WAIT,050-WAIT
DiscountGroup_xlnm#_FilterDatabase,wbx,055-OCADO,055-OCADO
DiscountGroup_xlnm#_FilterDatabase,wbx,060-COOP,060-COOP
DiscountGroup_xlnm#_FilterDatabase,wbx,070-ALDI,070-ALDI
DiscountGroup_xlnm#_FilterDatabase,wbx,080-LIDL,080-LIDL
DiscountGroup_xlnm#_FilterDatabase,wbx,090-ICEL,090-ICEL
DiscountGroup_xlnm#_FilterDatabase,wbx,100-AMAZ,100-AMAZ
DiscountGroup_xlnm#_FilterDatabase,wbx,110-COST,110-COST
DiscountGroup_xlnm#_FilterDatabase,wbx,120-1STP,120-1STP
DiscountGroup_xlnm#_FilterDatabase,wbx,140-ROIJB,140-ROIJB
DiscountGroup_xlnm#_FilterDatabase,wbx,150-ROITES,150-ROITES
DiscountGroup_xlnm#_FilterDatabase,wbx,160-ROILID,160-ROILID
DiscountGroup_xlnm#_FilterDatabase,wbx,172-ROIALG,172-ROIALG
DiscountGroup_xlnm#_FilterDatabase,wbx,174-ROIDUN,174-ROIDUN
DiscountGroup_xlnm#_FilterDatabase,wbx,176-ROIMUS,176-ROIMUS
DiscountGroup_xlnm#_FilterDatabase,wbx,180-NETTO,180-NETTO
DiscountGroup_xlnm#_FilterDatabase,wbx,200-BOOKER,200-BOOKER
DiscountGroup_xlnm#_FilterDatabase,wbx,205-BOOTH,205-BOOTH
DiscountGroup_xlnm#_FilterDatabase,wbx,210-SPAR,210-SPAR
DiscountGroup_xlnm#_FilterDatabase,wbx,220-WHS,220-WHS
DiscountGroup_xlnm#_FilterDatabase,wbx,240-BESTWY,240-BESTWY
DiscountGroup_xlnm#_FilterDatabase,wbx,250-MARKS,250-MARKS
DiscountGroup_xlnm#_FilterDatabase,wbx,260-ALGNI,260-ALGNI
DiscountGroup_xlnm#_FilterDatabase,wbx,270-FARND,270-FARND
DiscountGroup_xlnm#_FilterDatabase,wbx,300-ACG,300-ACG
DiscountGroup_xlnm#_FilterDatabase,wbx,320-C-ONLY,320-C-ONLY
DiscountGroup_xlnm#_FilterDatabase,wbx,330-G-ONLY,330-G-ONLY
DiscountGroup_xlnm#_FilterDatabase,wbx,910-DSSMTH,910-DSSMTH
DiscountGroup_xlnm#_FilterDatabase,wbx,980-COMAN,980-COMAN
DiscountGroup_xlnm#_FilterDatabase,wbx,AG,
DiscountGroup_xlnm#_FilterDatabase,wbx,AL,AL
DiscountGroup_xlnm#_FilterDatabase,wbx,AN,
DiscountGroup_xlnm#_FilterDatabase,wbx,AS,AS
DiscountGroup_xlnm#_FilterDatabase,wbx,AZ,AZ
DiscountGroup_xlnm#_FilterDatabase,wbx,BE,BE
DiscountGroup_xlnm#_FilterDatabase,wbx,BL,BL
DiscountGroup_xlnm#_FilterDatabase,wbx,BM,BM
DiscountGroup_xlnm#_FilterDatabase,wbx,BO,BO
DiscountGroup_xlnm#_FilterDatabase,wbx,BR,BR
DiscountGroup_xlnm#_FilterDatabase,wbx,BT,BT
DiscountGroup_xlnm#_FilterDatabase,wbx,CC,CC
DiscountGroup_xlnm#_FilterDatabase,wbx,CF,CF
DiscountGroup_xlnm#_FilterDatabase,wbx,CL,CL
DiscountGroup_xlnm#_FilterDatabase,wbx,CO,CO
DiscountGroup_xlnm#_FilterDatabase,wbx,CR,CR
DiscountGroup_xlnm#_FilterDatabase,wbx,CS,CS
DiscountGroup_xlnm#_FilterDatabase,wbx,DN,
DiscountGroup_xlnm#_FilterDatabase,wbx,FF,FF
DiscountGroup_xlnm#_FilterDatabase,wbx,FW,FW
DiscountGroup_xlnm#_FilterDatabase,wbx,HE,HE
DiscountGroup_xlnm#_FilterDatabase,wbx,IA,IA
DiscountGroup_xlnm#_FilterDatabase,wbx,IC,IC
DiscountGroup_xlnm#_FilterDatabase,wbx,IL,
DiscountGroup_xlnm#_FilterDatabase,wbx,IT,
DiscountGroup_xlnm#_FilterDatabase,wbx,JS,JS
DiscountGroup_xlnm#_FilterDatabase,wbx,LA,
DiscountGroup_xlnm#_FilterDatabase,wbx,LI,LI
DiscountGroup_xlnm#_FilterDatabase,wbx,MG,MG
DiscountGroup_xlnm#_FilterDatabase,wbx,MO,MO
DiscountGroup_xlnm#_FilterDatabase,wbx,MS,
DiscountGroup_xlnm#_FilterDatabase,wbx,MV,
DiscountGroup_xlnm#_FilterDatabase,wbx,NE,NE
DiscountGroup_xlnm#_FilterDatabase,wbx,NH,NH
DiscountGroup_xlnm#_FilterDatabase,wbx,NI,NI
DiscountGroup_xlnm#_FilterDatabase,wbx,OC,OC
DiscountGroup_xlnm#_FilterDatabase,wbx,OU,OU
DiscountGroup_xlnm#_FilterDatabase,wbx,PH,PH
DiscountGroup_xlnm#_FilterDatabase,wbx,RA,
DiscountGroup_xlnm#_FilterDatabase,wbx,SL,SL
DiscountGroup_xlnm#_FilterDatabase,wbx,SP,SP
DiscountGroup_xlnm#_FilterDatabase,wbx,TD,TD
DiscountGroup_xlnm#_FilterDatabase,wbx,TE,TE
DiscountGroup_xlnm#_FilterDatabase,wbx,TO,TO
DiscountGroup_xlnm#_FilterDatabase,wbx,TS,TS
DiscountGroup_xlnm#_FilterDatabase,wbx,WA,WA
DiscountGroup_xlnm#_FilterDatabase,wbx,WO,WO
DlvMode,ibe,HCA,HCA
DlvMode,ibe,HCR,HCR
DlvMode,ibe,HCS,HCS
DlvMode,ibe,HLA,HLA
DlvMode,ibe,HLR,HLR
DlvMode,ibe,HLS,HLS
DlvMode,ibe,PCA,PCA
DlvMode,ibe,PCR,PCR
DlvMode,ibe,PCS,PCS
DlvMode,ibe,PLA,PLA
DlvMode,ibe,PLR,PLR
DlvMode,ibe,PLS,PLS
DlvMode,rfl,By air,By Air
DlvMode,rfl,By sea,By Sea
DlvMode,rfl,By truck,By Truck
DlvMode,wbx,20' HB,20' HB
DlvMode,wbx,20' PLT,20' PLT
DlvMode,wbx,40' HB,40' HB
DlvMode,wbx,40' HC HB,40' HC HB
DlvMode,wbx,40' HC PLT,40' HC PLT
DlvMode,wbx,40' PLT,40' PLT
DlvMode,wbx,45' PLT,45' PLT
DlvMode,wbx,By air,By Air
DlvMode,wbx,By sea,By Sea
DlvMode,wbx,By truck,By Truck
DlvMode,wbx,GR BOX TRL,GR BOX TRL
DlvMode,wbx,LCL,LCL
DlvMode,wbx,TRL - PLT,TRL - PLT
DlvMode,wbx,TRL SWISS,TRL SWISS
DlvTerm,ibe,CFR,CFR
DlvTerm,ibe,CIF,CIF
DlvTerm,ibe,CIP,CIP
DlvTerm,ibe,CPT,CPT
DlvTerm,ibe,DAP,DAP
DlvTerm,ibe,DDP,DDP
DlvTerm,ibe,DPU,DPU
DlvTerm,ibe,EXW,EXW
DlvTerm,ibe,FAS,FAS
DlvTerm,ibe,FCA,FCA
DlvTerm,ibe,FOB,FOB
DlvTerm,rfl,Default,DAP
DlvTerm,wbx,C&F,CFR
DlvTerm,wbx,CFR,CFR
DlvTerm,wbx,CIF,CIF
DlvTerm,wbx,CIP,CIP
DlvTerm,wbx,DAP,DAP
DlvTerm,wbx,DDP,DDP
DlvTerm,wbx,DDU,DDU
DlvTerm,wbx,EXW,EXW
DlvTerm,wbx,FCA,FCA
DlvTerm,wbx,FOB,FOB
EcoResStorageDimensionGroup,All,BULK,BULK
EcoResStorageDimensionGroup,All,INDIRECT,INDIRECT
EcoResStorageDimensionGroup,All,SERVICE,SERVICE
EcoResStorageDimensionGroup,All,Wheat,Wheat
EcoResStorageDimensionGroup,All,WM_DIM,WM_DIM
EcoResTrackingDimensionGroup,All,BatchP,BatchP
EcoResTrackingDimensionGroup,All,REQ,REQ
IntrastatItemCode,wbx,10063042,
IntrastatItemCode,wbx,11022010,
IntrastatItemCode,wbx,11041210,
IntrastatItemCode,wbx,1104121000,
IntrastatItemCode,wbx,11041290,
IntrastatItemCode,wbx,11043090,
IntrastatItemCode,wbx,1104309000,
IntrastatItemCode,wbx,17026095,
IntrastatItemCode,wbx,17029050,
IntrastatItemCode,wbx,18050000,
IntrastatItemCode,wbx,1806310000,
IntrastatItemCode,wbx,19019019,
IntrastatItemCode,wbx,19019099,
IntrastatItemCode,wbx,1901909990,
IntrastatItemCode,wbx,19041030,
IntrastatItemCode,wbx,1904103000,
IntrastatItemCode,wbx,19041090,
IntrastatItemCode,wbx,1904109000,
IntrastatItemCode,wbx,19042099,
IntrastatItemCode,wbx,1904209900,
IntrastatItemCode,wbx,20081919,
IntrastatItemCode,wbx,20089759,
IntrastatItemCode,wbx,21069098,
IntrastatItemCode,wbx,2202999500,
IntrastatItemCode,wbx,2202999590,
IntrastatItemCode,wbx,22029999,
IntrastatItemCode,wbx,2202999990,
IntrastatItemCode,wbx,25405400,
IntrastatItemCode,wbx,25407401,
IntrastatItemCode,wbx,25407402,
IntrastatItemCode,wbx,29181400,
IntrastatItemCode,wbx,29362200,
IntrastatItemCode,wbx,39202021,
IntrastatItemCode,wbx,39202029,
IntrastatItemCode,wbx,4031011,
IntrastatItemCode,wbx,4049021,
IntrastatItemCode,wbx,48115900,
IntrastatItemCode,wbx,48192000,
IntrastatItemCode,wbx,49119900,
IntrastatItemCode,wbx,806203090,
IntrastatItemCode,wbx,8111090,
IntrastatItemCode,wbx,8134095,
IntrastatItemCode,wbx,8135091,
IntrastatItemCode,wbx,8135099,
InventBuyerGroup,rfl,CASBRD,CASBRD
InventBuyerGroup,rfl,CASEXP,CASEXP
InventBuyerGroup,rfl,CASOLP,CASOLP
InventBuyerGroup,rfl,CHEMCL,CHEMCL
InventBuyerGroup,rfl,CHOCOS,CHOCOS
InventBuyerGroup,rfl,CONPAC,CONPAC
InventBuyerGroup,rfl,CTNBRD,CTNBRD
InventBuyerGroup,rfl,CTNEXP,CTNEXP
InventBuyerGroup,rfl,CTNOLP,CTNOLP
InventBuyerGroup,rfl,DAIRYP,DAIRYP
InventBuyerGroup,rfl,FLAVOR,FLAVOR
InventBuyerGroup,rfl,FLEXBB,FLEXBB
InventBuyerGroup,rfl,FLEXBR,FLEXBR
InventBuyerGroup,rfl,FLEXOW,FLEXOW
InventBuyerGroup,rfl,FLEXPF,FLEXPF
InventBuyerGroup,rfl,FLEXSF,FLEXSF
InventBuyerGroup,rfl,FLEXST,FLEXST
InventBuyerGroup,rfl,FLEXWW,FLEXWW
InventBuyerGroup,rfl,FLOURP,FLOURP
InventBuyerGroup,rfl,FRUITS,FRUITS
InventBuyerGroup,rfl,MAIZEP,MAIZEP
InventBuyerGroup,rfl,MALTPR,MALTPR
InventBuyerGroup,rfl,MISCAD,MISCAD
InventBuyerGroup,rfl,MISCCS,MISCCS
InventBuyerGroup,rfl,MISCCT,MISCCT
InventBuyerGroup,rfl,MISCIN,MISCIN
InventBuyerGroup,rfl,MISCLB,MISCLB
InventBuyerGroup,rfl,MISCLL,MISCLL
InventBuyerGroup,rfl,MISCMM,MISCMM
InventBuyerGroup,rfl,MISCTP,MISCTP
InventBuyerGroup,rfl,NUTALL,NUTALL
InventBuyerGroup,rfl,OATALL,OATALL
InventBuyerGroup,rfl,PREMIX,PREMIX
InventBuyerGroup,rfl,PROTEIN,PROTEIN
InventBuyerGroup,rfl,RICEPR,RICEPR
InventBuyerGroup,rfl,STARCH,STARCH
InventBuyerGroup,rfl,SUGARS,SUGARS
InventBuyerGroup,rfl,VITMIN,VITMIN
InventBuyerGroup,rfl,WHEATS,WHEATS
InventBuyerGroup,wbx,CASBRD,CASBRD
InventBuyerGroup,wbx,CASEXP,CASEXP
InventBuyerGroup,wbx,CASMER,CASMER
InventBuyerGroup,wbx,CASOLP,CASOLP
InventBuyerGroup,wbx,CHEMCL,CHEMCL
InventBuyerGroup,wbx,CHOCOS,CHOCOS
InventBuyerGroup,wbx,COCOA,COCOA
InventBuyerGroup,wbx,CONPAC,CONPAC
InventBuyerGroup,wbx,CTNBRD,CTNBRD
InventBuyerGroup,wbx,CTNEXP,CTNEXP
InventBuyerGroup,wbx,CTNOLP,CTNOLP
InventBuyerGroup,wbx,DAIRYP,DAIRYP
InventBuyerGroup,wbx,DRINKS,DRINKS
InventBuyerGroup,wbx,FLAVOR,FLAVOR
InventBuyerGroup,wbx,FLEXBB,FLEXBB
InventBuyerGroup,wbx,FLEXBR,FLEXBR
InventBuyerGroup,wbx,FLEXPF,FLEXPF
InventBuyerGroup,wbx,FLEXSF,FLEXSF
InventBuyerGroup,wbx,FLEXST,FLEXST
InventBuyerGroup,wbx,FLEXWW,FLEXWW
InventBuyerGroup,wbx,FLOURP,FLOURP
InventBuyerGroup,wbx,FRUITS,FRUITS
InventBuyerGroup,wbx,HONEY,HONEY
InventBuyerGroup,wbx,INCLUS,INCLUS
InventBuyerGroup,wbx,MALTPR,MALTPR
InventBuyerGroup,wbx,MERCHU,MERCHU
InventBuyerGroup,wbx,MISCAD,MISCAD
InventBuyerGroup,wbx,MISCCS,MISCCS
InventBuyerGroup,wbx,MISCDRINKS,MISCDRINKS
InventBuyerGroup,wbx,MISCLB,MISCLB
InventBuyerGroup,wbx,NUTALL,NUTALL
InventBuyerGroup,wbx,OATALL,OATALL
InventBuyerGroup,wbx,OILS,OILS
InventBuyerGroup,wbx,PREMIX,PREMIX
InventBuyerGroup,wbx,PROTEI,PROTEI
InventBuyerGroup,wbx,RICEPR,RICEPR
InventBuyerGroup,wbx,STARCH,STARCH
InventBuyerGroup,wbx,SUGARS,SUGARS
InventBuyerGroup,wbx,VINE,VINE
InventBuyerGroup,wbx,VITMIN,VITMIN
InventBuyerGroup,wbx,WHEATS,WHEATS
InventItemGroup,ibe,BICOST,BICOST
InventItemGroup,ibe,CLEANWHEAT,CLEANWHEAT
InventItemGroup,ibe,COMAN,COMAN
InventItemGroup,ibe,COPACK,COPACK
InventItemGroup,ibe,FINGOODS,FINGOODS
InventItemGroup,ibe,GROUPFG,GROUPFG
InventItemGroup,ibe,INDIRECT,INDIRECT
InventItemGroup,ibe,LABOUR,LABOUR
InventItemGroup,ibe,MANRECOV,MANRECOV
InventItemGroup,ibe,NONBOM,NONBOM
InventItemGroup,ibe,OBSOLETE,OBSOLETE
InventItemGroup,ibe,OTGFG,OTGFG
InventItemGroup,ibe,OTGIN,OTGIN
InventItemGroup,ibe,PACKAGING,PACKAGING
InventItemGroup,ibe,RAWMATS,RAWMATS
InventItemGroup,ibe,RECIPE,RECIPE
InventItemGroup,ibe,STRETCH,STRETCH
InventItemGroup,ibe,THIRDPARTY,THIRDPARTY
InventItemGroup,ibe,WHEAT,WHEAT
InventItemGroup,ibe,WHEATTRANS,WHEATTRANS
InventItemGroup,rfl,FINGOODS,FINGOODS
InventItemGroup,rfl,GROUPFG,GROUPFG
InventItemGroup,rfl,INDIRECT,INDIRECT
InventItemGroup,rfl,LABOUR,LABOUR
InventItemGroup,rfl,NONBOM,NONBOM
InventItemGroup,rfl,OBSOLETE,Obsolete
InventItemGroup,rfl,PACKAGING,PACKAGING
InventItemGroup,rfl,RAWMATS,RAWMATS
InventItemGroup,rfl,RECIPE,RECIPE
InventItemGroup,rfl,STRETCH,STRETCH
InventItemGroup,wbx,3RDPARTY,THIRDPARTY
InventItemGroup,wbx,BICOST,BICOST
InventItemGroup,wbx,CLEANWHEAT,CLEANWHEAT
InventItemGroup,wbx,COMAN,COMAN
InventItemGroup,wbx,COPACKED,COPACK
InventItemGroup,wbx,FINGOODS,FINGOODS
InventItemGroup,wbx,GROUPFG,GROUPFG
InventItemGroup,wbx,INDIRECT,INDIRECT
InventItemGroup,wbx,LABOUR,LABOUR
InventItemGroup,wbx,MANRECOV,MANRECOV
InventItemGroup,wbx,NONBOM,NONBOM
InventItemGroup,wbx,OBSOLETE,OBSOLETE
InventItemGroup,wbx,OTGFG,OTGFG
InventItemGroup,wbx,OTGIN,OTGIN
InventItemGroup,wbx,PACKAGING,PACKAGING
InventItemGroup,wbx,RAWMATS,RAWMATS
InventItemGroup,wbx,RECIPE,RECIPE
InventItemGroup,wbx,STRETCH,STRETCH
InventItemGroup,wbx,WHEAT,WHEAT
InventItemGroup,wbx,WHEATTRANS,WHEATTRANS
InventLocation,rfl,ASH,
InventLocation,wbx,K WHSE,K WHSE
InventLocation,wbx,WMS,M WHSE
InventModelGroup,ibe,PACKAGING,Packaging
InventModelGroup,ibe,SERVICE,SERVICE
InventModelGroup,ibe,STANDARD,Standard
InventModelGroup,rfl,BULK,Bulk
InventModelGroup,rfl,FG-STD,FG-STD
InventModelGroup,rfl,INDIRECT,Indirect
InventModelGroup,rfl,NONBOM,Packaging
InventModelGroup,rfl,PACKAGING,Packaging
InventModelGroup,rfl,RAWMPACK,RAWMPACK
InventModelGroup,rfl,SERVICE,SERVICE
InventModelGroup,rfl,SILO,SILO
InventModelGroup,wbx,BULK,Bulk
InventModelGroup,wbx,CO-MAN,Co-Man
InventModelGroup,wbx,DRINKS,Drinks
InventModelGroup,wbx,FG-STD,FG-STD
InventModelGroup,wbx,INDIRECT,Indirect
InventModelGroup,wbx,NONBOM,Packaging
InventModelGroup,wbx,PACKAGING,Packaging
InventModelGroup,wbx,RAWMPACK,RAWMPACK
InventModelGroup,wbx,SERVICE,SERVICE
InventModelGroup,wbx,SILO,SILO
InventNumGroup,ibe,Manuel,Manual
InventNumGroup,rfl,Batch1,ManualB
InventNumGroup,rfl,RBO Batch,BO Batch
InventNumGroup,wbx,Batch1,ManualB
InventNumGroup,wbx,BO Batch,BO Batch
InventNumGroup,wbx,BulkBatch,BO Batch
InventNumGroup,wbx,UncleanedW,WheatBatch
InventSite,ibe,Main,Main
InventSite,ibe,Trans,Trans
InventSite,ibe,WBX IBE,WBX IBE
InventSite,rfl,RFL-ASH,RFL
InventSite,wbx,WBX-BL,BL WHSE
InventSite,wbx,WBX-CBY,CBY WHSE
ItemCustomerGroup,wbx,Aldi,Aldi
ItemCustomerGroup,wbx,Aldi ROI,Aldi ROI
ItemCustomerGroup,wbx,Asda,Asda
ItemCustomerGroup,wbx,Boots,Boots
ItemCustomerGroup,wbx,Halo Foods,Halo Foods
ItemCustomerGroup,wbx,Kinnerton,Kinnerton
ItemCustomerGroup,wbx,M&S,M&S
ItemCustomerGroup,wbx,Morrisons,Morrisons
ItemCustomerGroup,wbx,Sainsburys,Sainsburys
ItemCustomerGroup,wbx,Tesco,Tesco
ItemCustomerGroup,wbx,Waitrose,Waitrose
LineOfBusiness,ibe,Co-Mfg,Co-Mfg
LineOfBusiness,ibe,Directs,Directs
LineOfBusiness,ibe,Group FG,Group FG
LineOfBusiness,ibe,Indirects,Indirects
LineOfBusiness,ibe,Rebates,Rebates
LineOfBusiness,rfl,Co-Mfg,Co-Mfg
LineOfBusiness,rfl,Directs,Directs
LineOfBusiness,rfl,Group FG,Group FG
LineOfBusiness,rfl,Indirects,Indirects
LineOfBusiness,rfl,Rebates,Rebates
LineOfBusiness,wbx,Co-Mfg,Co-Mfg
LineOfBusiness,wbx,Directs,Directs
LineOfBusiness,wbx,Group FG,Group FG
LineOfBusiness,wbx,Indirects,Indirects
LineOfBusiness,wbx,Rebates,Rebates
Market,IBE,IB DOMESTIC,IB DOMESTIC
Market,IBE,IB INTERNATIONAL,IB INTERNATIONAL
Market,WBX,D,D
Market,WBX,I,I
Market,WBX,X,X
Market,WBX,Z,Z
OrderPool,rfl,Domestic,
OrderPool,wbx,1,1
OrderPool,wbx,3,3
OrderPool,wbx,4,4
OrderPool,wbx,10,10
OrderPool,wbx,11,11
OrderPool,wbx,12,12
OrderPool,wbx,13,13
OrderPool,wbx,E,E
OrderPool,wbx,R,R
OrderPool,wbx,U,U
OrderPool,wbx,W,W
OrderPool,wbx,X,X
PaymTerm,ibe,30D,30D
PaymTerm,ibe,30D MF,30D MF
PaymTerm,ibe,40D,45D
PaymTerm,ibe,45D,45D
PaymTerm,ibe,45D MF,45D MF
PaymTerm,ibe,60D,60D
PaymTerm,ibe,60D MF,60D MF
PaymTerm,ibe,75D,75D
PaymTerm,ibe,75D MF,75D MF
PaymTerm,ibe,90D,90D
PaymTerm,ibe,90D MF,90D MF
PaymTerm,ibe,CIA,CIA
PaymTerm,ibe,CND,CND
PaymTerm,rfl,1,1
PaymTerm,rfl,10,7
PaymTerm,rfl,14,14
PaymTerm,rfl,15,15
PaymTerm,rfl,15MF,15MF
PaymTerm,rfl,20MF,20MF
PaymTerm,rfl,21,21
PaymTerm,rfl,28,28
PaymTerm,rfl,3,3
PaymTerm,rfl,30,30
PaymTerm,rfl,30MF,30MF
PaymTerm,rfl,40,30
PaymTerm,rfl,45,45
PaymTerm,rfl,50,50
PaymTerm,rfl,55,50
PaymTerm,rfl,60,60
PaymTerm,rfl,7,7
PaymTerm,rfl,90,90
PaymTerm,rfl,IMM,IMM
PaymTerm,rfl,OEMF,OEMF
PaymTerm,wbx,1,1
PaymTerm,wbx,10,10
PaymTerm,wbx,100,100
PaymTerm,wbx,120,120
PaymTerm,wbx,14,14
PaymTerm,wbx,14MF,14MF
PaymTerm,wbx,15,15
PaymTerm,wbx,15MF,15MF
PaymTerm,wbx,180,180
PaymTerm,wbx,20MF,20MF
PaymTerm,wbx,21,21
PaymTerm,wbx,28,28
PaymTerm,wbx,3,3
PaymTerm,wbx,30,30
PaymTerm,wbx,30MF,30MF
PaymTerm,wbx,35,35
PaymTerm,wbx,40,40
PaymTerm,wbx,45,45
PaymTerm,wbx,50,50
PaymTerm,wbx,55,55
PaymTerm,wbx,60,60
PaymTerm,wbx,60MF,60MF
PaymTerm,wbx,7,7
PaymTerm,wbx,90,90
PaymTerm,wbx,CAD,CAD
PaymTerm,wbx,CILC,CILC
PaymTerm,wbx,CONTRA,CONTRA
PaymTerm,wbx,IMM,IMM
PaymTerm,wbx,OEMF,OEMF
PaymTerm,wbx,P/F,P/F
PaymTerm_xlnm#_FilterDatabase,ibe,30D,30D
PaymTerm_xlnm#_FilterDatabase,ibe,30D MF,30D MF
PaymTerm_xlnm#_FilterDatabase,ibe,40D,45D
PaymTerm_xlnm#_FilterDatabase,ibe,45D,45D
PaymTerm_xlnm#_FilterDatabase,ibe,45D MF,45D MF
PaymTerm_xlnm#_FilterDatabase,ibe,60D,60D
PaymTerm_xlnm#_FilterDatabase,ibe,60D MF,60D MF
PaymTerm_xlnm#_FilterDatabase,ibe,75D,75D
PaymTerm_xlnm#_FilterDatabase,ibe,75D MF,75D MF
PaymTerm_xlnm#_FilterDatabase,ibe,90D,90D
PaymTerm_xlnm#_FilterDatabase,ibe,90D MF,90D MF
PaymTerm_xlnm#_FilterDatabase,ibe,CIA,CIA
PaymTerm_xlnm#_FilterDatabase,ibe,CND,CND
PaymTerm_xlnm#_FilterDatabase,rfl,1,1
PaymTerm_xlnm#_FilterDatabase,rfl,10,7
PaymTerm_xlnm#_FilterDatabase,rfl,14,14
PaymTerm_xlnm#_FilterDatabase,rfl,15,15
PaymTerm_xlnm#_FilterDatabase,rfl,15MF,15MF
PaymTerm_xlnm#_FilterDatabase,rfl,20MF,20MF
PaymTerm_xlnm#_FilterDatabase,rfl,21,21
PaymTerm_xlnm#_FilterDatabase,rfl,28,28
PaymTerm_xlnm#_FilterDatabase,rfl,3,3
PaymTerm_xlnm#_FilterDatabase,rfl,30,30
PaymTerm_xlnm#_FilterDatabase,rfl,30MF,30MF
PaymTerm_xlnm#_FilterDatabase,rfl,40,30
PaymTerm_xlnm#_FilterDatabase,rfl,45,45
PaymTerm_xlnm#_FilterDatabase,rfl,50,50
PaymTerm_xlnm#_FilterDatabase,rfl,55,50
PaymTerm_xlnm#_FilterDatabase,rfl,60,60
PaymTerm_xlnm#_FilterDatabase,rfl,7,7
PaymTerm_xlnm#_FilterDatabase,rfl,90,90
PaymTerm_xlnm#_FilterDatabase,rfl,IMM,IMM
PaymTerm_xlnm#_FilterDatabase,rfl,OEMF,OEMF
PaymTerm_xlnm#_FilterDatabase,wbx,1,1
PaymTerm_xlnm#_FilterDatabase,wbx,10,10
PaymTerm_xlnm#_FilterDatabase,wbx,100,100
PaymTerm_xlnm#_FilterDatabase,wbx,120,120
PaymTerm_xlnm#_FilterDatabase,wbx,14,14
PaymTerm_xlnm#_FilterDatabase,wbx,14MF,14MF
PaymTerm_xlnm#_FilterDatabase,wbx,15,15
PaymTerm_xlnm#_FilterDatabase,wbx,15MF,15MF
PaymTerm_xlnm#_FilterDatabase,wbx,180,180
PaymTerm_xlnm#_FilterDatabase,wbx,20MF,20MF
PaymTerm_xlnm#_FilterDatabase,wbx,21,21
PaymTerm_xlnm#_FilterDatabase,wbx,28,28
PaymTerm_xlnm#_FilterDatabase,wbx,3,3
PaymTerm_xlnm#_FilterDatabase,wbx,30,30
PaymTerm_xlnm#_FilterDatabase,wbx,30MF,30MF
PaymTerm_xlnm#_FilterDatabase,wbx,35,35
PaymTerm_xlnm#_FilterDatabase,wbx,40,40
PaymTerm_xlnm#_FilterDatabase,wbx,45,45
PaymTerm_xlnm#_FilterDatabase,wbx,50,50
PaymTerm_xlnm#_FilterDatabase,wbx,55,55
PaymTerm_xlnm#_FilterDatabase,wbx,60,60
PaymTerm_xlnm#_FilterDatabase,wbx,60MF,60MF
PaymTerm_xlnm#_FilterDatabase,wbx,7,7
PaymTerm_xlnm#_FilterDatabase,wbx,90,90
PaymTerm_xlnm#_FilterDatabase,wbx,CAD,CAD
PaymTerm_xlnm#_FilterDatabase,wbx,CILC,CILC
PaymTerm_xlnm#_FilterDatabase,wbx,CONTRA,CONTRA
PaymTerm_xlnm#_FilterDatabase,wbx,IMM,IMM
PaymTerm_xlnm#_FilterDatabase,wbx,OEMF,OEMF
PaymTerm_xlnm#_FilterDatabase,wbx,P/F,P/F
PdsDispositionMaster,All,Available,QA-Pass
PdsDispositionMaster,All,Blocked,QA-Fail
PdsDispositionMaster,All,Disposal,QA-Fail
PdsDispositionMaster,All,QAINBOUND,QA-Testing
PdsDispositionMaster,All,RT,QA-Pass
PdsItemRebateGroup,wbx,BrandNoRSA,
PdsItemRebateGroup,wbx,BrndRSA,
PdsItemRebateGroup,wbx,P.Label,
PurchPool,rfl,Co-Manuf,Co-Manuf
PurchPool,rfl,Directs,Directs
PurchPool,rfl,Indirects,Indirects
PurchPool,wbx,Co-Manuf,Co-Manuf
PurchPool,wbx,Directs,Directs
PurchPool,wbx,Indirects,Indirects
ReqGroup,ibe,FGCov,Manual
ReqGroup,ibe,Manual,Manual
ReqGroup,ibe,Period5w,Period5w
ReqGroup,ibe,Period7w,Period7w
ReqGroup,rfl,FGCov,Manual
ReqGroup,rfl,Group,Manual
ReqGroup,rfl,Manual,Manual
ReqGroup,rfl,PackCov,Manual
ReqGroup,rfl,RMCov,Manual
ReqGroup,wbx,AP2Bulk14,Manual
ReqGroup,wbx,AP2Bulk3,Manual
ReqGroup,wbx,AP2Bulk7,Manual
ReqGroup,wbx,Default,Manual
ReqGroup,wbx,FGCov,Manual
ReqGroup,wbx,Manual,Manual
ReqGroup,wbx,PackCov,Manual
ReqGroup,wbx,Recipe Itm,Manual
ReqGroup,wbx,RMCov,Manual
ReqGroup,wbx,SStock,Manual
ReqGroup_xlnm#_FilterDatabase,ibe,FGCov,Manual
ReqGroup_xlnm#_FilterDatabase,ibe,Manual,Manual
ReqGroup_xlnm#_FilterDatabase,rfl,FGCov,Manual
ReqGroup_xlnm#_FilterDatabase,rfl,Group,Manual
ReqGroup_xlnm#_FilterDatabase,rfl,Manual,Manual
ReqGroup_xlnm#_FilterDatabase,rfl,PackCov,Manual
ReqGroup_xlnm#_FilterDatabase,rfl,RMCov,Manual
ReqGroup_xlnm#_FilterDatabase,wbx,AP2Bulk14,Manual
ReqGroup_xlnm#_FilterDatabase,wbx,AP2Bulk3,Manual
ReqGroup_xlnm#_FilterDatabase,wbx,AP2Bulk7,Manual
ReqGroup_xlnm#_FilterDatabase,wbx,Default,Manual
ReqGroup_xlnm#_FilterDatabase,wbx,FGCov,Manual
ReqGroup_xlnm#_FilterDatabase,wbx,Manual,Manual
ReqGroup_xlnm#_FilterDatabase,wbx,PackCov,Manual
ReqGroup_xlnm#_FilterDatabase,wbx,Recipe Itm,Manual
ReqGroup_xlnm#_FilterDatabase,wbx,RMCov,Manual
ReqGroup_xlnm#_FilterDatabase,wbx,SStock,Manual
SettlementDiscount,rfl,0.8,0.8
SettlementDiscount,rfl,1,1
SettlementDiscount,rfl,1.25,1.25
SettlementDiscount,rfl,1.25(7),1.25(7)
SettlementDiscount,rfl,2,2
SettlementDiscount,rfl,2.5,2.5
SettlementDiscount,rfl,zero,
SettlementDiscount,wbx,0.25,0.25
SettlementDiscount,wbx,0.5,0.5
SettlementDiscount,wbx,0.8,0.8
SettlementDiscount,wbx,1,1
SettlementDiscount,wbx,1.25,1.25
SettlementDiscount,wbx,1.25(7),1.25(7)
SettlementDiscount,wbx,2,2
SettlementDiscount,wbx,2.5,2.5
SettlementDiscount,wbx,zero,
SettlementDiscount_xlnm#_FilterDatabase,rfl,0.8,0.8
SettlementDiscount_xlnm#_FilterDatabase,rfl,1,1
SettlementDiscount_xlnm#_FilterDatabase,rfl,1.25,1.25
SettlementDiscount_xlnm#_FilterDatabase,rfl,1.25(7),1.25(7)
SettlementDiscount_xlnm#_FilterDatabase,rfl,2,2
SettlementDiscount_xlnm#_FilterDatabase,rfl,2.5,2.5
SettlementDiscount_xlnm#_FilterDatabase,rfl,zero,
SettlementDiscount_xlnm#_FilterDatabase,wbx,0.25,0.25
SettlementDiscount_xlnm#_FilterDatabase,wbx,0.5,0.5
SettlementDiscount_xlnm#_FilterDatabase,wbx,0.8,0.8
SettlementDiscount_xlnm#_FilterDatabase,wbx,1,1
SettlementDiscount_xlnm#_FilterDatabase,wbx,1.25,1.25
SettlementDiscount_xlnm#_FilterDatabase,wbx,1.25(7),1.25(7)
SettlementDiscount_xlnm#_FilterDatabase,wbx,2,2
SettlementDiscount_xlnm#_FilterDatabase,wbx,2.5,2.5
SettlementDiscount_xlnm#_FilterDatabase,wbx,zero,
Submarket,IBE,AD,AD
Submarket,IBE,AT,AT
Submarket,IBE,BE,BE
Submarket,IBE,CH,CH
Submarket,IBE,CY,CY
Submarket,IBE,DE,DE
Submarket,IBE,DK,DK
Submarket,IBE,ES,ES
Submarket,IBE,FR,FR
Submarket,IBE,GB,GB
Submarket,IBE,GR,GR
Submarket,IBE,HU,HU
Submarket,IBE,IL,IL
Submarket,IBE,IS,IS
Submarket,IBE,IT,IT
Submarket,IBE,JO,JO
Submarket,IBE,MT,MT
Submarket,IBE,MX,MX
Submarket,IBE,NL,NL
Submarket,IBE,NO,NO
Submarket,IBE,PT,PT
Submarket,IBE,SE,SE
Submarket,WBX,E,E
Submarket,WBX,R,R
Submarket,WBX,U,U
Submarket,WBX,W,W
Submarket,WBX,X,X
Submarket,WBX,Z,Z
TaxGroupHeading,ibe,DOM,DOM
TaxGroupHeading,ibe,DUA,DUA
TaxGroupHeading,ibe,EU-P,EU-P
TaxGroupHeading,ibe,EU-S,EU-S
TaxGroupHeading,ibe,EU-TRI,EU-TRI
TaxGroupHeading,ibe,IGIC,IGIC
TaxGroupHeading,ibe,ROW,ROW
TaxGroupHeading,ibe,ROW-P,ROW-P
TaxGroupHeading,ibe,ROW-S,ROW-S
TaxGroupHeading,ibe,WTH-L,WTH-L
TaxGroupHeading,ibe,WTH-M,WTH-M
TaxGroupHeading,ibe,WTH-P,WTH-P
TaxGroupHeading,ibe,WTH-RENT,WTH-RENT
TaxGroupHeading,rfl,DOM,DOM
TaxGroupHeading,rfl,EU-VEND,EU-VEND
TaxGroupHeading,rfl,EXEMPT,EXEMPT
TaxGroupHeading,wbx,DOM,DOM
TaxGroupHeading,wbx,EU-CUST,EU-CUST
TaxGroupHeading,wbx,EU-VEND,EU-VEND
TaxGroupHeading,wbx,EXEMPT,EXEMPT
TaxGroupHeading,wbx,FULL,FULL
TaxGroupHeading,wbx,ROI-CUST,ROI-CUST
TaxGroupHeading,wbx,ROW,ROW
TaxItemGroupHeading ,ibe,ELECT,ELECT
TaxItemGroupHeading ,ibe,EXENT-G,EXENT-G
TaxItemGroupHeading ,ibe,EXENT-S,EXENT-S
TaxItemGroupHeading ,ibe,HIGH-G,HIGH-G
TaxItemGroupHeading ,ibe,HIGH-S,HIGH-S
TaxItemGroupHeading ,ibe,IGIC-H,IGIC-H
TaxItemGroupHeading ,ibe,IGIC-L,IGIC-L
TaxItemGroupHeading ,ibe,LOW-G,LOW-G
TaxItemGroupHeading ,ibe,LOW-S,LOW-S
TaxItemGroupHeading ,ibe,MED-G,MED-G
TaxItemGroupHeading ,ibe,MED-S,MED-S
TaxItemGroupHeading ,rfl,EXEMPT,EXEMPT
TaxItemGroupHeading ,rfl,FULL,FULL
TaxItemGroupHeading ,rfl,STD,STD
TaxItemGroupHeading ,rfl,ZERO,ZERO
TaxItemGroupHeading ,wbx,C1,C1
TaxItemGroupHeading ,wbx,C2,C2
TaxItemGroupHeading ,wbx,EXEMPT,EXEMPT
TaxItemGroupHeading ,wbx,FUEL10,FUEL10
TaxItemGroupHeading ,wbx,FUEL11,FUEL11
TaxItemGroupHeading ,wbx,FUEL5,FUEL5
TaxItemGroupHeading ,wbx,FUEL6,FUEL6
TaxItemGroupHeading ,wbx,FUEL7,FUEL7
TaxItemGroupHeading ,wbx,FUEL8,FUEL8
TaxItemGroupHeading ,wbx,FUEL9,FUEL9
TaxItemGroupHeading ,wbx,FULL,FULL
TaxItemGroupHeading ,wbx,NONE,NONE
TaxItemGroupHeading ,wbx,OS,OS
TaxItemGroupHeading ,wbx,REDUCED,REDUCED
TaxItemGroupHeading ,wbx,STD,STD
TaxItemGroupHeading ,wbx,ZERO,ZERO
TestGroups,rfl,Golden Syr,Golden Syr
TestGroups,rfl,Salt,Salt
TestGroups,rfl,Sugar,Sugar
TestGroups,rfl,Vitamin,Vitamin
TestGroups,wbx,App Apple,App Apple
TestGroups,wbx,App Rasp,App Rasp
TestGroups,wbx,Apple Skin,Apple Skin
TestGroups,wbx,B Almonds,B Almonds
TestGroups,wbx,Banana Chp,Banana Chp
TestGroups,wbx,Banana Whl,Banana Whl
TestGroups,wbx,Barley Flo,Barley Flo
TestGroups,wbx,Bran Fine,Bran Fine
TestGroups,wbx,Cal Carb,Cal Carb
TestGroups,wbx,Caramel,Caramel
TestGroups,wbx,Citric Acd,Citric Acd
TestGroups,wbx,Coco Ft Rd,Coco Ft Rd
TestGroups,wbx,Coconut To,Coconut To
TestGroups,wbx,Cornflake,Cornflake
TestGroups,wbx,Cranberry,Cranberry
TestGroups,wbx,Crispies,Crispies
TestGroups,wbx,Curr Nut,Curr Nut
TestGroups,wbx,Dairy,Dairy
TestGroups,wbx,Dextrin,Dextrin
TestGroups,wbx,FD Rasp,FD Rasp
TestGroups,wbx,FD Red Frt,FD Red Frt
TestGroups,wbx,FD Strawb,FD Strawb
TestGroups,wbx,Flav /Vit,Flav /Vit
TestGroups,wbx,Flour Oat,Flour Oat
TestGroups,wbx,Fructose,Fructose
TestGroups,wbx,Glucose Sy,Glucose Sy
TestGroups,wbx,Glycerol,Glycerol
TestGroups,wbx,Gnt Oats,Gnt Oats
TestGroups,wbx,Gold Syrup,Gold Syrup
TestGroups,wbx,Honey,Honey
TestGroups,wbx,J Sultanas,J Sultanas
TestGroups,wbx,Maize Flou,Maize Flou
TestGroups,wbx,Malt,Malt
TestGroups,wbx,Nat App St,Nat App St
TestGroups,wbx,Nuts,Nuts
TestGroups,wbx,Oat Flour,Oat Flour
TestGroups,wbx,Orange Nug,Orange Nug
TestGroups,wbx,Peanut Fla,Peanut Fla
TestGroups,wbx,Potassium,Potassium
TestGroups,wbx,RA + RSPO,RA + RSPO
TestGroups,wbx,RA Cocoa,RA Cocoa
TestGroups,wbx,Raisins,Raisins
TestGroups,wbx,Rapeseed,Rapeseed
TestGroups,wbx,Rolled Oat,Rolled Oat
TestGroups,wbx,RSPO,RSPO
TestGroups,wbx,Salt,Salt
TestGroups,wbx,Sodium Bc,Sodium Bc
TestGroups,wbx,Std Oats,Std Oats
TestGroups,wbx,Sugar,Sugar
TestGroups,wbx,Sugar Bulk,Sugar Bulk
TestGroups,wbx,TKP,TKP
TestGroups,wbx,UTZ Cocoa,UTZ Cocoa
TestGroups,wbx,Wheat,Wheat
TestGroups,wbx,Wheat Stch,Wheat Stch
Tradeclass,IBE,ADMINISTRATION,ADMINISTRATION
Tradeclass,IBE,HORECA,HORECA
Tradeclass,IBE,INTERNATIONAL,INTERNATIONAL
Tradeclass,IBE,NATIONAL,NATIONAL
Tradeclass,IBE,ONLINE,ONLINE
Tradeclass,IBE,REGIONAL,REGIONAL
Tradeclass,IBE,WHOLESALER,WHOLESALER
Tradeclass,WBX,ASD,ASD
Tradeclass,WBX,BLK,BLK
Tradeclass,WBX,CAT,CAT
Tradeclass,WBX,CON,CON
Tradeclass,WBX,COO,COO
Tradeclass,WBX,DIR,DIR
Tradeclass,WBX,DIS,DIS
Tradeclass,WBX,DIU,DIU
Tradeclass,WBX,FIN,FIN
Tradeclass,WBX,FRA,FRA
Tradeclass,WBX,GER,GER
Tradeclass,WBX,GRE,GRE
Tradeclass,WBX,IDR,IDR
Tradeclass,WBX,IMP,IMP
Tradeclass,WBX,ITA,ITA
Tradeclass,WBX,MKS,MKS
Tradeclass,WBX,MOR,MOR
Tradeclass,WBX,NEU,NEU
Tradeclass,WBX,OCD,OCD
Tradeclass,WBX,OEU,OEU
Tradeclass,WBX,OMA,OMA
Tradeclass,WBX,ONS,ONS
Tradeclass,WBX,OUK,OUK
Tradeclass,WBX,POR,POR
Tradeclass,WBX,ROI,ROI
Tradeclass,WBX,SAI,SAI
Tradeclass,WBX,SHA,SHA
Tradeclass,WBX,SOM,SOM
Tradeclass,WBX,SPA,SPA
Tradeclass,WBX,SUP,SUP
Tradeclass,WBX,SWI,SWI
Tradeclass,WBX,TER,TER
Tradeclass,WBX,TES,TES
Tradeclass,WBX,UKT,UKT
Tradeclass,WBX,VAL,VAL
Tradeclass,WBX,WAI,WAI
Tradeclass,WBX,XXA,XXA
Tradeclass,WBX,XXX,XXX
Tradeclass,WBX,YYA,YYA
Tradeclass,WBX,YYB,YYB
Tradeclass,WBX,YYC,YYC
Tradeclass,WBX,YYD,YYD
Tradeclass,WBX,YYE,YYE
Tradeclass,WBX,YYF,YYF
Tradeclass,WBX,YYG,YYG
Tradeclass,WBX,YYH,YYH
Tradeclass,WBX,ZZA,ZZA
Tradeclass,WBX,ZZB,ZZB
Tradeclass,WBX,ZZC,ZZC
Tradeclass,WBX,ZZD,ZZD
Tradeclass,WBX,ZZZ,ZZZ
Tradegroup,IBE,ADMINISTRATION,ADMINISTRATION
Tradegroup,IBE,AHORRAMAS,AHORRAMAS
Tradegroup,IBE,ALIMERKA,ALIMERKA
Tradegroup,IBE,AMAZON,AMAZON
Tradegroup,IBE,BCN EUROPE SUPPLY,BCN EUROPE SUPPLY
Tradegroup,IBE,BON PREU,BON PREU
Tradegroup,IBE,CASHDIPLO,CASHDIPLO
Tradegroup,IBE,CONSUM,CONSUM
Tradegroup,IBE,COSTCO,COSTCO
Tradegroup,IBE,DSG ZEN,DSG ZEN
Tradegroup,IBE,EL CORTE INGLES,EL CORTE INGLES
Tradegroup,IBE,EXCLUIB,EXCLUIB
Tradegroup,IBE,FORNES,FORNES
Tradegroup,IBE,FRAGADIS,FRAGADIS
Tradegroup,IBE,GADISA,GADISA
Tradegroup,IBE,GALACO,GALACO
Tradegroup,IBE,GETIR,GETIR
Tradegroup,IBE,GRUPO ALCAMPO,GRUPO ALCAMPO
Tradegroup,IBE,GRUPO ALDI,GRUPO ALDI
Tradegroup,IBE,GRUPO CARREFOUR,GRUPO CARREFOUR
Tradegroup,IBE,GRUPO DIA,GRUPO DIA
Tradegroup,IBE,GRUPO EROSKI,GRUPO EROSKI
Tradegroup,IBE,GRUPO HD COVALCO,GRUPO HD COVALCO
Tradegroup,IBE,GRUPO INTERBALEAR,GRUPO INTERBALEAR
Tradegroup,IBE,GUILLEN,GUILLEN
Tradegroup,IBE,HERMANOS MARTIN,HERMANOS MARTIN
Tradegroup,IBE,HOTELSA,HOTELSA
Tradegroup,IBE,IDPA ANDORRA,IDPA ANDORRA
Tradegroup,IBE,IGASA,IGASA
Tradegroup,IBE,INTERNATIONAL,INTERNATIONAL
Tradegroup,IBE,LIDER ALIMENT,LIDER ALIMENT
Tradegroup,IBE,MASKOMO,MASKOMO
Tradegroup,IBE,MC INTERNATIONAL,MC INTERNATIONAL
Tradegroup,IBE,MERCADONA,MERCADONA
Tradegroup,IBE,MUSGRAVE,MUSGRAVE
Tradegroup,IBE,OVERSEAS,OVERSEAS
Tradegroup,IBE,PINGO DOCE,PINGO DOCE
Tradegroup,IBE,PRIMAPRIX,PRIMAPRIX
Tradegroup,IBE,PRIMEBRANDS,PRIMEBRANDS
Tradegroup,IBE,ROSSELL RIBERA,ROSSELL RIBERA
Tradegroup,IBE,SEMARK,SEMARK
Tradegroup,IBE,SERVIHOTEL,SERVIHOTEL
Tradegroup,IBE,TINDALE,TINDALE
Tradegroup,IBE,TORRES MESQUIDA,TORRES MESQUIDA
Tradegroup,IBE,TRANSGOURMET,TRANSGOURMET
Tradegroup,IBE,UNIDE,UNIDE
Tradegroup,IBE,UPPER,UPPER
Tradegroup,IBE,UVESCO,UVESCO
Tradegroup,WBX,AFR,AFR
Tradegroup,WBX,ALD,ALD
Tradegroup,WBX,ALN,ALN
Tradegroup,WBX,AMZ,AMZ
Tradegroup,WBX,ASD,ASD
Tradegroup,WBX,ATR,ATR
Tradegroup,WBX,AUS,AUS
Tradegroup,WBX,BAN,BAN
Tradegroup,WBX,BEL,BEL
Tradegroup,WBX,BES,BES
Tradegroup,WBX,BLK,BLK
Tradegroup,WBX,BOO,BOO
Tradegroup,WBX,BRA,BRA
Tradegroup,WBX,BTH,BTH
Tradegroup,WBX,BUD,BUD
Tradegroup,WBX,CAN,CAN
Tradegroup,WBX,CAR,CAR
Tradegroup,WBX,CFO,CFO
Tradegroup,WBX,CGC,CGC
Tradegroup,WBX,CHI,CHI
Tradegroup,WBX,CLE,CLE
Tradegroup,WBX,COO,COO
Tradegroup,WBX,COS,COS
Tradegroup,WBX,CRC,CRC
Tradegroup,WBX,CYP,CYP
Tradegroup,WBX,DBC,DBC
Tradegroup,WBX,DEN,DEN
Tradegroup,WBX,DUN,DUN
Tradegroup,WBX,FAR,FAR
Tradegroup,WBX,FIN,FIN
Tradegroup,WBX,FRA,FRA
Tradegroup,WBX,FWY,FWY
Tradegroup,WBX,GER,GER
Tradegroup,WBX,GRE,GRE
Tradegroup,WBX,HOL,HOL
Tradegroup,WBX,HUN,HUN
Tradegroup,WBX,IAG,IAG
Tradegroup,WBX,IAL,IAL
Tradegroup,WBX,ICE,ICE
Tradegroup,WBX,ICL,ICL
Tradegroup,WBX,IDU,IDU
Tradegroup,WBX,IJO,IJO
Tradegroup,WBX,ILI,ILI
Tradegroup,WBX,IMG,IMG
Tradegroup,WBX,ISH,ISH
Tradegroup,WBX,ISP,ISP
Tradegroup,WBX,ISQ,ISQ
Tradegroup,WBX,ITA,ITA
Tradegroup,WBX,ITE,ITE
Tradegroup,WBX,KWI,KWI
Tradegroup,WBX,KWN,KWN
Tradegroup,WBX,LAN,LAN
Tradegroup,WBX,LID,LID
Tradegroup,WBX,LON,LON
Tradegroup,WBX,MAK,MAK
Tradegroup,WBX,MAL,MAL
Tradegroup,WBX,MAU,MAU
Tradegroup,WBX,MEX,MEX
Tradegroup,WBX,MID,MID
Tradegroup,WBX,MKS,MKS
Tradegroup,WBX,MOR,MOR
Tradegroup,WBX,MUS,MUS
Tradegroup,WBX,NCY,NCY
Tradegroup,WBX,NET,NET
Tradegroup,WBX,NHS,NHS
Tradegroup,WBX,NIS,NIS
Tradegroup,WBX,NOR,NOR
Tradegroup,WBX,OCA,OCA
Tradegroup,WBX,OCD,OCD
Tradegroup,WBX,OCE,OCE
Tradegroup,WBX,OIB,OIB
Tradegroup,WBX,ONE,ONE
Tradegroup,WBX,ONS,ONS
Tradegroup,WBX,OUK,OUK
Tradegroup,WBX,PAK,PAK
Tradegroup,WBX,PHM,PHM
Tradegroup,WBX,POR,POR
Tradegroup,WBX,RUS,RUS
Tradegroup,WBX,SAI,SAI
Tradegroup,WBX,SAU,SAU
Tradegroup,WBX,SOM,SOM
Tradegroup,WBX,SPA,SPA
Tradegroup,WBX,SPR,SPR
Tradegroup,WBX,STL,STL
Tradegroup,WBX,SWD,SWD
Tradegroup,WBX,SWE,SWE
Tradegroup,WBX,SWI,SWI
Tradegroup,WBX,TES,TES
Tradegroup,WBX,TOD,TOD
Tradegroup,WBX,TSS,TSS
Tradegroup,WBX,UKT,UKT
Tradegroup,WBX,WAI,WAI
Tradegroup,WBX,WIL,WIL
Tradegroup,WBX,XXA,XXA
Tradegroup,WBX,XXX,XXX
Tradegroup,WBX,YYA,YYA
Tradegroup,WBX,YYB,YYB
Tradegroup,WBX,YYC,YYC
Tradegroup,WBX,YYD,YYD
Tradegroup,WBX,YYE,YYE
Tradegroup,WBX,YYF,YYF
Tradegroup,WBX,YYG,YYG
Tradegroup,WBX,YYH,YYH
Tradegroup,WBX,ZZA,ZZA
Tradegroup,WBX,ZZB,ZZB
Tradegroup,WBX,ZZC,ZZC
Tradegroup,WBX,ZZD,ZZD
Tradegroup,WBX,ZZZ,ZZZ
Tradesector,IBE,BK,BK
Tradesector,IBE,ED,ED
Tradesector,IBE,EH,EH
Tradesector,IBE,EK,EK
Tradesector,IBE,EN,EN
Tradesector,IBE,IN,IN
Tradesector,IBE,OM,OM
Tradesector,IBE,OT,OT
Tradesector,IBE,RI,RI
Tradesector,IBE,TP,TP
Tradesector,IBE,XA,XA
Tradesector,IBE,XX,XX
Tradesector,IBE,YA,YA
Tradesector,IBE,YB,YB
Tradesector,IBE,YC,YC
Tradesector,IBE,YD,YD
Tradesector,IBE,ZA,ZA
Tradesector,IBE,ZZ,ZZ
Tradesector,WBX,BK,BK
Tradesector,WBX,EA,EA
Tradesector,WBX,ED,ED
Tradesector,WBX,EH,EH
Tradesector,WBX,EK,EK
Tradesector,WBX,EN,EN
Tradesector,WBX,EQ,EQ
Tradesector,WBX,ET,ET
Tradesector,WBX,IN,IN
Tradesector,WBX,NO,NO
Tradesector,WBX,OM,OM
Tradesector,WBX,OT,OT
Tradesector,WBX,RI,RI
Tradesector,WBX,SO,SO
Tradesector,WBX,TP,TP
Tradesector,WBX,XA,XA
Tradesector,WBX,XX,XX
Tradesector,WBX,YA,YA
Tradesector,WBX,YB,YB
Tradesector,WBX,YC,YC
Tradesector,WBX,YD,YD
Tradesector,WBX,ZA,ZA
Tradesector,WBX,ZZ,ZZ
Tradetype,IBE,ADMINISTRATION,ADMINISTRATION
Tradetype,IBE,AHORRAMAS,AHORRAMAS
Tradetype,IBE,ALCAMPO,ALCAMPO
Tradetype,IBE,ALDI,ALDI
Tradetype,IBE,ALIMERKA,ALIMERKA
Tradetype,IBE,AMAZON,AMAZON
Tradetype,IBE,ANGLO INTERIMPORT,ANGLO INTERIMPORT
Tradetype,IBE,BARCELONA EUROPE S,BARCELONA EUROPE S
Tradetype,IBE,BON PREU,BON PREU
Tradetype,IBE,CAF  EL MARINO,CAF  EL MARINO
Tradetype,IBE,CAPRABO,CAPRABO
Tradetype,IBE,CARREFOUR,CARREFOUR
Tradetype,IBE,CASHDIPLO,CASHDIPLO
Tradetype,IBE,CECOSA,CECOSA
Tradetype,IBE,CHOITHRAM,CHOITHRAM
Tradetype,IBE,CONAXESS DENMARK,CONAXESS DENMARK
Tradetype,IBE,CONAXESS SWEDEN,CONAXESS SWEDEN
Tradetype,IBE,CONSUM,CONSUM
Tradetype,IBE,COSTCO,COSTCO
Tradetype,IBE,DANOL,DANOL
Tradetype,IBE,DIA,DIA
Tradetype,IBE,DSG,DSG
Tradetype,IBE,EL CORTE INGLES,EL CORTE INGLES
Tradetype,IBE,ELGEKA,ELGEKA
Tradetype,IBE,EROSKI SCOOP,EROSKI SCOOP
Tradetype,IBE,EXCLUIB,EXCLUIB
Tradetype,IBE,FRAGADIS,FRAGADIS
Tradetype,IBE,GADISA,GADISA
Tradetype,IBE,GALARZA,GALARZA
Tradetype,IBE,GEMEOS,GEMEOS
Tradetype,IBE,GEMEOS  GMBH,GEMEOS  GMBH
Tradetype,IBE,GENUPORT,GENUPORT
Tradetype,IBE,GETIR,GETIR
Tradetype,IBE,GUILLEN,GUILLEN
Tradetype,IBE,HD COVALCO,HD COVALCO
Tradetype,IBE,HERMANOS MARTIN,HERMANOS MARTIN
Tradetype,IBE,HESHAM JORDAN,HESHAM JORDAN
Tradetype,IBE,HOTELSA,HOTELSA
Tradetype,IBE,I.D.P.A,I.D.P.A
Tradetype,IBE,IGASA,IGASA
Tradetype,IBE,IMPORT INTERBALEAR,IMPORT INTERBALEAR
Tradetype,IBE,JENSEN,JENSEN
Tradetype,IBE,JUAN FORNES,JUAN FORNES
Tradetype,IBE,LIDER,LIDER
Tradetype,IBE,MASKOMO,MASKOMO
Tradetype,IBE,MC INTERNATIONAL,MC INTERNATIONAL
Tradetype,IBE,MERCADONA,MERCADONA
Tradetype,IBE,MONDAY,MONDAY
Tradetype,IBE,MULDER,MULDER
Tradetype,IBE,MUSGRAVE,MUSGRAVE
Tradetype,IBE,OVERSEAS,OVERSEAS
Tradetype,IBE,PENINSULACO,PENINSULACO
Tradetype,IBE,PIETERCIL BELGIUM,PIETERCIL BELGIUM
Tradetype,IBE,PIETERCIL FRANCE,PIETERCIL FRANCE
Tradetype,IBE,PIETERCIL NETH,PIETERCIL NETH
Tradetype,IBE,PINGO DOCE,PINGO DOCE
Tradetype,IBE,PRIMAPRIX,PRIMAPRIX
Tradetype,IBE,PRIMEBRANDS,PRIMEBRANDS
Tradetype,IBE,R.B. CEREAL,R.B. CEREAL
Tradetype,IBE,ROSSELL,ROSSELL
Tradetype,IBE,SEMARK,SEMARK
Tradetype,IBE,SERVIHOTEL,SERVIHOTEL
Tradetype,IBE,SGA,SGA
Tradetype,IBE,SRG,SRG
Tradetype,IBE,TINDALE,TINDALE
Tradetype,IBE,TORRES MESQUIDA,TORRES MESQUIDA
Tradetype,IBE,TRANSGOURMET,TRANSGOURMET
Tradetype,IBE,TRAPPED,TRAPPED
Tradetype,IBE,TRYFON,TRYFON
Tradetype,IBE,UNIALCO,UNIALCO
Tradetype,IBE,UNIDE,UNIDE
Tradetype,IBE,UPPER,UPPER
Tradetype,IBE,VALSOIA,VALSOIA
Tradetype,IBE,VEGO,VEGO
Tradetype,IBE,WEETABIX IBERICA,WEETABIX IBERICA
Tradetype,IBE,WEETABIX LTD,WEETABIX LTD
Tradetype,IBE,ZACHARY,ZACHARY
Tradetype,WBX,AF,AF
Tradetype,WBX,AG,AG
Tradetype,WBX,AL,AL
Tradetype,WBX,AN,AN
Tradetype,WBX,AS,AS
Tradetype,WBX,AT,AT
Tradetype,WBX,AU,AU
Tradetype,WBX,AV,AV
Tradetype,WBX,AZ,AZ
Tradetype,WBX,BA,BA
Tradetype,WBX,BE,BE
Tradetype,WBX,BG,BG
Tradetype,WBX,BL,BL
Tradetype,WBX,BM,BM
Tradetype,WBX,BO,BO
Tradetype,WBX,BR,BR
Tradetype,WBX,BT,BT
Tradetype,WBX,BU,BU
Tradetype,WBX,CA,CA
Tradetype,WBX,CB,CB
Tradetype,WBX,CC,CC
Tradetype,WBX,CE,CE
Tradetype,WBX,CF,CF
Tradetype,WBX,CH,CH
Tradetype,WBX,CL,CL
Tradetype,WBX,CO,CO
Tradetype,WBX,CR,CR
Tradetype,WBX,CS,CS
Tradetype,WBX,CX,CX
Tradetype,WBX,CY,CY
Tradetype,WBX,DB,DB
Tradetype,WBX,DE,DE
Tradetype,WBX,DN,DN
Tradetype,WBX,DU,DU
Tradetype,WBX,ES,ES
Tradetype,WBX,FE,FE
Tradetype,WBX,FF,FF
Tradetype,WBX,FI,FI
Tradetype,WBX,FR,FR
Tradetype,WBX,FW,FW
Tradetype,WBX,GE,GE
Tradetype,WBX,GR,GR
Tradetype,WBX,HE,HE
Tradetype,WBX,HK,HK
Tradetype,WBX,HO,HO
Tradetype,WBX,HU,HU
Tradetype,WBX,IA,IA
Tradetype,WBX,IB,IB
Tradetype,WBX,IC,IC
Tradetype,WBX,ID,ID
Tradetype,WBX,IE,IE
Tradetype,WBX,IJ,IJ
Tradetype,WBX,IL,IL
Tradetype,WBX,IS,IS
Tradetype,WBX,IT,IT
Tradetype,WBX,IY,IY
Tradetype,WBX,JO,JO
Tradetype,WBX,JS,JS
Tradetype,WBX,KN,KN
Tradetype,WBX,KW,KW
Tradetype,WBX,LA,LA
Tradetype,WBX,LI,LI
Tradetype,WBX,LO,LO
Tradetype,WBX,MA,MA
Tradetype,WBX,ME,ME
Tradetype,WBX,MG,MG
Tradetype,WBX,MO,MO
Tradetype,WBX,MS,MS
Tradetype,WBX,MT,MT
Tradetype,WBX,MU,MU
Tradetype,WBX,MV,MV
Tradetype,WBX,MX,MX
Tradetype,WBX,NC,NC
Tradetype,WBX,NE,NE
Tradetype,WBX,NH,NH
Tradetype,WBX,NI,NI
Tradetype,WBX,NO,NO
Tradetype,WBX,OC,OC
Tradetype,WBX,ON,ON
Tradetype,WBX,OU,OU
Tradetype,WBX,PH,PH
Tradetype,WBX,PK,PK
Tradetype,WBX,PO,PO
Tradetype,WBX,RU,RU
Tradetype,WBX,SA,SA
Tradetype,WBX,SD,SD
Tradetype,WBX,SL,SL
Tradetype,WBX,SO,SO
Tradetype,WBX,SP,SP
Tradetype,WBX,SR,SR
Tradetype,WBX,ST,ST
Tradetype,WBX,SW,SW
Tradetype,WBX,TD,TD
Tradetype,WBX,TE,TE
Tradetype,WBX,TO,TO
Tradetype,WBX,TS,TS
Tradetype,WBX,UA,UA
Tradetype,WBX,WA,WA
Tradetype,WBX,WI,WI
Tradetype,WBX,WO,WO
Tradetype,WBX,XA,XA
Tradetype,WBX,XX,XX
Tradetype,WBX,YA,YA
Tradetype,WBX,YB,YB
Tradetype,WBX,YC,YC
Tradetype,WBX,YD,YD
Tradetype,WBX,YE,YE
Tradetype,WBX,YF,YF
Tradetype,WBX,YG,YG
Tradetype,WBX,YH,YH
Tradetype,WBX,ZA,ZA
Tradetype,WBX,ZB,ZB
Tradetype,WBX,ZC,ZC
Tradetype,WBX,ZD,ZD
Tradetype,WBX,ZZ,ZZ
UnitOfMeasure,All,1000,
UnitOfMeasure,All,Bag,Bag
UnitOfMeasure,All,Bars,Bar
UnitOfMeasure,All,BX,Box
UnitOfMeasure,All,Case,Case
UnitOfMeasure,All,cl,
UnitOfMeasure,All,cm,cm
UnitOfMeasure,All,cm2,
UnitOfMeasure,All,cm3,
UnitOfMeasure,All,CT,Carton
UnitOfMeasure,All,dl,
UnitOfMeasure,All,Each,Each
UnitOfMeasure,All,GM,g
UnitOfMeasure,All,Hr,Hour
UnitOfMeasure,All,KG,kg
UnitOfMeasure,All,km,
UnitOfMeasure,All,Layer,Layer
UnitOfMeasure,All,LTR,l
UnitOfMeasure,All,m,m
UnitOfMeasure,All,m2,m2
UnitOfMeasure,All,m3,m3
UnitOfMeasure,All,mg,mg
UnitOfMeasure,All,ml,ml
UnitOfMeasure,All,MM,mm
UnitOfMeasure,All,mm2,
UnitOfMeasure,All,mm3,
UnitOfMeasure,All,PA,
UnitOfMeasure,All,Percent,Percent
UnitOfMeasure,All,PK,Pack
UnitOfMeasure,All,PL,Pallet
UnitOfMeasure,All,Quantity,Quantity
UnitOfMeasure,All,Reel,Reel
UnitOfMeasure,All,t,Ton
UnitOfMeasure,All,Unit,Unit
VendGroup,ibe,CIS,CIS
VendGroup,ibe,CSI,CSI
VendGroup,ibe,EMP,EMP
VendGroup,ibe,Interco,Interco
VendGroup,ibe,Rebates,Rebates
VendGroup,ibe,Trade,Trade
VendGroup,rfl,CSI,CSI
VendGroup,rfl,Emp,Emp
VendGroup,rfl,ICO,ICO
VendGroup,rfl,Trade,Trade
VendGroup,wbx,CIS,CIS
VendGroup,wbx,CSI,CSI
VendGroup,wbx,EMP,EMP
VendGroup,wbx,ICO,Interco
VendGroup,wbx,Interco,Interco
VendGroup,wbx,Rebates,Rebates
VendGroup,wbx,Trade,Trade
VendPaymModeTable,ibe,CHQ,CHQ
VendPaymModeTable,ibe,DD,DD
VendPaymModeTable,ibe,SCT,SCT
VendPaymModeTable,ibe,SEPA_CT,SEPA_CT
VendPaymModeTable,rfl,B .NET,INT
VendPaymModeTable,rfl,BACS,ACH
VendPaymModeTable,rfl,CHQ,BLOCK
VendPaymModeTable,rfl,DD,DD
VendPaymModeTable,wbx,B .NET,INT
VendPaymModeTable,wbx,BACS,ACH
VendPaymModeTable,wbx,CHQ,BLOCK
VendPaymModeTable,wbx,Contra,Contra
VendPaymModeTable,wbx,DD,DD
VendPaymModeTable,wbx,SO,SO
VendPaymModeTable_xlnm#_FilterDatabase,ibe,CHQ,CHQ
VendPaymModeTable_xlnm#_FilterDatabase,ibe,DD,DD
VendPaymModeTable_xlnm#_FilterDatabase,ibe,SEPA_CT,SEPA_CT
VendPaymModeTable_xlnm#_FilterDatabase,rfl,B .NET,INT
VendPaymModeTable_xlnm#_FilterDatabase,rfl,BACS,ACH
VendPaymModeTable_xlnm#_FilterDatabase,rfl,CHQ,BLOCK
VendPaymModeTable_xlnm#_FilterDatabase,rfl,DD,DD
VendPaymModeTable_xlnm#_FilterDatabase,wbx,B .NET,INT
VendPaymModeTable_xlnm#_FilterDatabase,wbx,BACS,ACH
VendPaymModeTable_xlnm#_FilterDatabase,wbx,CHQ,BLOCK
VendPaymModeTable_xlnm#_FilterDatabase,wbx,Contra,Contra
VendPaymModeTable_xlnm#_FilterDatabase,wbx,DD,DD
VendPaymModeTable_xlnm#_FilterDatabase,wbx,SO,SO
WHSFilters,ibe,FG,FG
WHSFilters,rfl,ASDA,ASDA
WHSFilters,rfl,ASDA CASES,ASDA CASES
WHSFilters,rfl,Bulk,Bulk
WHSFilters,rfl,Bulk cas,Bulk cas
WHSFilters,rfl,Bulk raw,Bulk raw
WHSFilters,rfl,Bulk sug,Bulk sug
WHSFilters,rfl,Common,Common
WHSFilters,rfl,FG,FG
WHSFilters,rfl,Film,Film
WHSFilters,rfl,Flavors,Flavors
WHSFilters,rfl,General,General
WHSFilters,rfl,Grd Wheat,Grd Wheat
WHSFilters,rfl,Labels,Labels
WHSFilters,rfl,MISC,MISC
WHSFilters,rfl,Morris Cas,Morris Cas
WHSFilters,rfl,Morrisons,Morrisons
WHSFilters,rfl,Nuts,Nuts
WHSFilters,rfl,Packaging,Packaging
WHSFilters,rfl,P-Cases,P-Cases
WHSFilters,rfl,P-Films,P-Films
WHSFilters,rfl,P-Skillets,P-Skillets
WHSFilters,rfl,RM,RM
WHSFilters,rfl,Sains case,Sains case
WHSFilters,rfl,Sainsbury,Sainsbury
WHSFilters,rfl,TESCO,TESCO
WHSFilters,rfl,TESCO CAS,TESCO CAS
WHSFilters,rfl,Wait case,Wait case
WHSFilters,rfl,Waitrose,Waitrose
WHSFilters,rfl,WFC,WFC
WHSFilters,rfl,WFC skil,WFC Skil
WHSFilters,wbx,Bulk,Bulk
WHSFilters,wbx,Common,Common
WHSFilters,wbx,FG,FG
WHSFilters,wbx,FGP,FGP
WHSFilters,wbx,Flavors,Flavors
WHSFilters,wbx,Medium,Medium
WHSFilters,wbx,Nuts,Nuts
WHSFilters,wbx,Packaging,Packaging
WHSFilters,wbx,P-Cases,P-Cases
WHSFilters,wbx,P-Films,P-Films
WHSFilters,wbx,P-Skillets,P-Skillets
WHSFilters,wbx,RM,RM
WHSFilters,wbx,Tall,Tall
WHSInventStatus,rfl,Available,Available
WHSInventStatus,rfl,Blocked,HOLD-POS
WHSInventStatus,rfl,Discon,HOLD-DISC
WHSInventStatus,rfl,Disposal,HOLD-SCRAP
WHSInventStatus,wbx,Available,Available
WHSInventStatus,wbx,Blocked,HOLD-POS
WHSInventStatus,wbx,Discon,HOLD-DISC
WHSInventStatus,wbx,Disposal,HOLD-SCRAP
WHSReservationHierarchy,ibe,BatchAbove,BatchAbove
WHSReservationHierarchy,ibe,BatchBelow,BatchBelow
WHSReservationHierarchy,rfl,BatchAbove,BatchAbove
WHSReservationHierarchy,rfl,WITHOUTBAT,WithoutBat
WHSReservationHierarchy,wbx,BatchAbove,BatchAbove
WHSReservationHierarchy,wbx,WITHOUTBAT,WithoutBat
WHSUOMSeqGroupTable,ibe,Case,Case
WHSUOMSeqGroupTable,ibe,EaPl,EaPl
WHSUOMSeqGroupTable,ibe,Kg,Kg
WHSUOMSeqGroupTable,rfl,Bulk Mtls,Bulk Mtls
WHSUOMSeqGroupTable,rfl,Case,Case
WHSUOMSeqGroupTable,rfl,Each Case,Each Case
WHSUOMSeqGroupTable,rfl,EaPL,EaPL
WHSUOMSeqGroupTable,rfl,Kg,Kg
WHSUOMSeqGroupTable,rfl,kg bag pl,kg bag pl
WHSUOMSeqGroupTable,rfl,PL REEL KG,PL REEL KG
WHSUOMSeqGroupTable,wbx,Bulk Mtls,Bulk Mtls
WHSUOMSeqGroupTable,wbx,Case,Case
WHSUOMSeqGroupTable,wbx,CasePl,CasePl
WHSUOMSeqGroupTable,wbx,EachCasePl,EachCasePl
WHSUOMSeqGroupTable,wbx,EaPl,EaPl
WHSUOMSeqGroupTable,wbx,Kg,Kg
WHSUOMSeqGroupTable,wbx,kg bag pl,KgBagPl
WHSUOMSeqGroupTable,wbx,kg case pl,KgCasePl
WHSUOMSeqGroupTable,wbx,KgBagCasePl,KgBagCasePl
WHSUOMSeqGroupTable,wbx,KgBagPl,KgBagPl
WHSUOMSeqGroupTable,wbx,KgCasePl,KgCasePl
WHSUOMSeqGroupTable,wbx,KgPkPl,KgPkPl
WHSUOMSeqGroupTable,wbx,KgPl,KgPl
WHSUOMSeqGroupTable,wbx,PL Case bars,PL Case Bars
WrkCtrTable,rfl,Ash-Blk,RFL-Pro
WrkCtrTable,rfl,Ash-Pk,RFL-Pk
WrkCtrTable,rfl,Ash-Pro,RFL-Pro
WrkCtrTable,rfl,GRFL-Pack,GRFL-Pack
WrkCtrTable,rfl,GRFL-Prcss,GRFL-Prcss
WrkCtrTable,wbx,Alp-Pk-B&L,Alp-Pk-BL
WrkCtrTable,wbx,Alp-Pk-JW,Alp-Pk-JW
WrkCtrTable,wbx,Alp-Pk-Rov,Alp-Pk-Rov
WrkCtrTable,wbx,Alp-Pk-St,Alp-Pk-St
WrkCtrTable,wbx,Alp-Pro,Alp-Pro
WrkCtrTable,wbx,AP1-Pk-1,AP1-Pk-1
WrkCtrTable,wbx,AP1-Pk-2,AP1-Pk-2
WrkCtrTable,wbx,Ap1-Pro,Ap1-Pro
WrkCtrTable,wbx,AP2-Pk,AP2-Pk
WrkCtrTable,wbx,AP2-Pro,AP2-Pro
WrkCtrTable,wbx,AP4-Pk,AP4-Pk-1
WrkCtrTable,wbx,AP4-Pk-1,AP4-Pk-1
WrkCtrTable,wbx,AP4-Pk-2,AP4-Pk-2
WrkCtrTable,wbx,AP4-Pk-3,AP4-Pk-3
WrkCtrTable,wbx,AP4-Pk-4,AP4-Pk-4
WrkCtrTable,wbx,AP4-Pro,AP4-Pro
WrkCtrTable,wbx,AP6-Pk-3,AP6-Pk-3
WrkCtrTable,wbx,AP6-Pk-4,AP6-Pk-4
WrkCtrTable,wbx,AP6-Pk-5,AP6-Pk-5
WrkCtrTable,wbx,AP6-Pk-6,AP6-Pk-6
WrkCtrTable,wbx,AP6-Pro,AP6-Pro
WrkCtrTable,wbx,AP7-Pk-Cat,AP7-Pk-Cat
WrkCtrTable,wbx,AP7-Pk-D,AP7-Pk-D
WrkCtrTable,wbx,AP7-Pk-E,AP7-Pk-E
WrkCtrTable,wbx,AP7-Pk-T,AP7-Pk-T
WrkCtrTable,wbx,AP7-Pk-V,AP7-Pk-V
WrkCtrTable,wbx,AP7-Pro-D,AP7-Pro-D
WrkCtrTable,wbx,AP7-Pro-E,AP7-Pro-E
WrkCtrTable,wbx,AP7-Pro-T,AP7-Pro-T
WrkCtrTable,wbx,AP7-Pro-V,AP7-Pro-V
WrkCtrTable,wbx,C2-Blk-PK5,CBY-Blk-PK
WrkCtrTable,wbx,C2-Pk-E1,CBY-Pk-E1
WrkCtrTable,wbx,C2-Pk-L1,CBY-Pk-L1
WrkCtrTable,wbx,C2-Pk-L4,CBY-Pk-L5
WrkCtrTable,wbx,C2-Pk-L5,CBY-Pk-L5
WrkCtrTable,wbx,C2-Pro-Ext,CBY-Pro-Ex
WrkCtrTable,wbx,C2-Pro-Flk,CBY-Pro-Fl
WrkCtrTable,wbx,C2-Pro-RB,CBY-Pro-RB
WrkCtrTable,wbx,CoM-BrghtF,CoM-BrghtF
WrkCtrTable,wbx,CoM-DailyC,GCoM-Daily
WrkCtrTable,wbx,Com-DSS,GCom-DSS
WrkCtrTable,wbx,CoM-Framp,GCoM-Framp
WrkCtrTable,wbx,CoM-HariV,GCoM-HariV
WrkCtrTable,wbx,CoM-March,GCoM-March
WrkCtrTable,wbx,CoM-MSD,GCoM-Mrsdn
WrkCtrTable,wbx,CoM-Mulder,GCoM-Mulde
WrkCtrTable,wbx,CoM-Pinz,GCoM-Pinz
WrkCtrTable,wbx,CoM-Pionr,GCoM-Pione
WrkCtrTable,wbx,CoM-Refres,GCoM-Refre
WrkCtrTable,wbx,Com-SGL,GCom-SGL
WrkCtrTable,wbx,CoM-SPD,GCoM-SpdPc
WrkCtrTable,wbx,CP-L1-Pk,CP-L1-Pk
WrkCtrTable,wbx,CP-L2-Pk,CP-L2-Pk
WrkCtrTable,wbx,CP-L3-Pk,CP-L3-Pk
WrkCtrTable,wbx,CP-LLS-Pk,CP-LLS-Pk
WrkCtrTable,wbx,Drk-R-Pk,Drk-R-Pk
WrkCtrTable,wbx,GAlp-Pckng,GAlp-Pckng
WrkCtrTable,wbx,GAlp-Prcss,GAlp-Prcss
WrkCtrTable,wbx,GAP1-Pckng,GAP1-Pckng
WrkCtrTable,wbx,GAp1-Prcss,GAp1-Prcss
WrkCtrTable,wbx,GAP2-Pckng,GAP2-Pckng
WrkCtrTable,wbx,GAP2-Prcss,GAP2-Prcss
WrkCtrTable,wbx,GAP4-Pckng,GAP4-Pckng
WrkCtrTable,wbx,GAP4-Prcss,GAP4-Prcss
WrkCtrTable,wbx,GAP6-Pckng,GAP6-Pckng
WrkCtrTable,wbx,GAP6-Prcss,GAP6-Prcss
WrkCtrTable,wbx,GAP7-Pckng,GAP7-Pckng
WrkCtrTable,wbx,GAP7-Prcss,GAP7-Prcss
WrkCtrTable,wbx,GCBY XPO,GCBY XPO
WrkCtrTable,wbx,GCBYExtPck,GCBYExtPck
WrkCtrTable,wbx,GCBYExtPrs,GCBYExtPrs
WrkCtrTable,wbx,GCBYFlkPck,GCBYFlkPck
WrkCtrTable,wbx,GCBYFlkPrs,GCBYFlkPrs
WrkCtrTable,wbx,GCBYRBPckL,GCBYRBPckL
WrkCtrTable,wbx,GCBYRBPrcs,GCBYRBPrcs
WrkCtrTable,wbx,GCoM-BrFds,GCoM-BrFds
WrkCtrTable,wbx,GCoM-Daily,GCoM-Daily
WrkCtrTable,wbx,GCom-DSS,GCom-DSS
WrkCtrTable,wbx,GCoM-Framp,GCoM-Framp
WrkCtrTable,wbx,GCoM-Halo,GCoM-Halo
WrkCtrTable,wbx,GCoM-HariV,GCoM-HariV
WrkCtrTable,wbx,GCoM-March,GCoM-March
WrkCtrTable,wbx,GCoM-Mrsdn,GCoM-Mrsdn
WrkCtrTable,wbx,GCoM-Mulde,GCoM-Mulde
WrkCtrTable,wbx,GCoM-Pinz,GCoM-Pinz
WrkCtrTable,wbx,GCoM-Pione,GCoM-Pione
WrkCtrTable,wbx,GCoM-Refre,GCoM-Refre
WrkCtrTable,wbx,GCom-SGL,GCom-SGL
WrkCtrTable,wbx,GCoM-SpdPc,GCoM-SpdPc
WrkCtrTable,wbx,GCo-pack,GCo-pack
WrkCtrTable,wbx,GCP-L-Seal,GCP-L-Seal
WrkCtrTable,wbx,GCrk-Repac,GCrk-Repac
WrkCtrTable,wbx,GWCP,GWCP
WrkCtrTable,wbx,WCP,WCP